candidate_record_id,batch_id,source_absolute_path,source_filename,source_bytes,source_modified_time_utc,source_sha256_prior,source_sha256_current,hash_match,source_exists,source_readable,source_git_status,record_type,lifecycle_state,authority_state,authority_evidence,exact_target_parent,exact_target_path,target_parent_exists,target_parent_empty,target_exists,target_type_if_exists,target_sha256_if_readable,classification_state,rollback_reference,eligibility_status,blocking_reason,mfr_id_if_any,mapping_status_prior,review_bucket
CAND-02G-0001,CL-MIG-001A,C:\Users\steve\My Drive\The Gradient\CRISIS_LITURGIES\00_PROJECT_CONTROL_CL_OPS_001\CL-OPS-001 — Crisis Liturgies Role Separation and Execution Protocol v1.0.gdoc,CL-OPS-001 — Crisis Liturgies Role Separation and Execution Protocol v1.0.gdoc,176,2026-07-13T03:17:29.7800000Z,ada5ae5cb6ff6133570c6ab5e805d86161dfea990e8f6ab1b108bb1281dc5e7b,ada5ae5cb6ff6133570c6ab5e805d86161dfea990e8f6ab1b108bb1281dc5e7b,YES,YES,YES,OUTSIDE_REPO,DRIVE_NATIVE_DOC,EXTERNAL_OR_EXCLUDED,UNRESOLVED,Phase 02B exclusion retained; payloads stay on Drive,,,NO,N/A,NO,,,N/A_NOT_CHACHIPTI,source:C:\Users\steve\My Drive\The Gradient\CRISIS_LITURGIES\00_PROJECT_CONTROL_CL_OPS_001\CL-OPS-001 — Crisis Liturgies Role Separation and Execution Protocol v1.0.gdoc|sha256:ada5ae5cb6ff6133570c6ab5e805d86161dfea990e8f6ab1b108bb1281dc5e7b,EXCLUDED,Drive .gdoc stub not portable; export required before any mapping admit,MFR-0001,BLOCKED_AUTHORITY,EXCLUDED
CAND-02G-0002,CL-MIG-001A,C:\Users\steve\My Drive\The Gradient\CRISIS_LITURGIES\00_PROJECT_CONTROL_CL_OPS_001\CL_CONV_001_CHACHIPTI_PACKET_AUDIT_2026-07-12.md,CL_CONV_001_CHACHIPTI_PACKET_AUDIT_2026-07-12.md,9042,2026-07-13T03:14:19.2860000Z,cb3a680d903fe6bc0be6a23f640e2b67a3a2f0c700c847894f2db83cc91f4054,cb3a680d903fe6bc0be6a23f640e2b67a3a2f0c700c847894f2db83cc91f4054,YES,YES,YES,OUTSIDE_REPO,GOVERNANCE_CONTROL_RECORD,PROGRAM_CONTROL_CANDIDATE,PENDING_HUMAN_RATIFICATION,Phase 02B MFR remapped under 02C lock; requires RAT-CL-002/003/006,C:\Users\steve\Projects\gradient-institution\CRISIS_LITURGIES\00_PROJECT_CONTROL\01_PROGRAM_GOVERNANCE,C:\Users\steve\Projects\gradient-institution\CRISIS_LITURGIES\00_PROJECT_CONTROL\01_PROGRAM_GOVERNANCE\CL_CONV_001_CHACHIPTI_PACKET_AUDIT_2026-07-12.md,YES,YES,NO,,,N/A_NOT_CHACHIPTI,source:C:\Users\steve\My Drive\The Gradient\CRISIS_LITURGIES\00_PROJECT_CONTROL_CL_OPS_001\CL_CONV_001_CHACHIPTI_PACKET_AUDIT_2026-07-12.md|sha256:cb3a680d903fe6bc0be6a23f640e2b67a3a2f0c700c847894f2db83cc91f4054,BLOCKED_AUTHORITY,Authority unresolved: RAT-CL-003/004 APPROVED FOR PLANNING ONLY; no per-file AUTHORIZE_COPY; mapping authority_state=PENDING_HUMAN_RATIFICATION,MFR-0002,BLOCKED_AUTHORITY,PROGRAM_GOVERNANCE
CAND-02G-0003,CL-MIG-001A,C:\Users\steve\My Drive\The Gradient\CRISIS_LITURGIES\00_PROJECT_CONTROL_CL_OPS_001\CL_PHASE_00_CURSOR_READONLY_INVENTORY_PACKET_2026-07-13.md,CL_PHASE_00_CURSOR_READONLY_INVENTORY_PACKET_2026-07-13.md,4990,2026-07-13T12:41:43.7340000Z,98ebaec3f432ebf4d3cf34daf0e1fd8b40ac3bc6c0a29a9a3d8f377a9962dffe,98ebaec3f432ebf4d3cf34daf0e1fd8b40ac3bc6c0a29a9a3d8f377a9962dffe,YES,YES,YES,OUTSIDE_REPO,GOVERNANCE_CONTROL_RECORD,PROGRAM_CONTROL_CANDIDATE,PENDING_HUMAN_RATIFICATION,Phase 02B MFR remapped under 02C lock; requires RAT-CL-002/003/006,C:\Users\steve\Projects\gradient-institution\CRISIS_LITURGIES\00_PROJECT_CONTROL\03_PHASE_EVIDENCE,C:\Users\steve\Projects\gradient-institution\CRISIS_LITURGIES\00_PROJECT_CONTROL\03_PHASE_EVIDENCE\CL_PHASE_00_CURSOR_READONLY_INVENTORY_PACKET_2026-07-13.md,YES,YES,NO,,,N/A_NOT_CHACHIPTI,source:C:\Users\steve\My Drive\The Gradient\CRISIS_LITURGIES\00_PROJECT_CONTROL_CL_OPS_001\CL_PHASE_00_CURSOR_READONLY_INVENTORY_PACKET_2026-07-13.md|sha256:98ebaec3f432ebf4d3cf34daf0e1fd8b40ac3bc6c0a29a9a3d8f377a9962dffe,BLOCKED_AUTHORITY,Authority unresolved: RAT-CL-003/004 APPROVED FOR PLANNING ONLY; no per-file AUTHORIZE_COPY; mapping authority_state=PENDING_HUMAN_RATIFICATION,MFR-0003,BLOCKED_AUTHORITY,PHASE_EVIDENCE
CAND-02G-0004,CL-MIG-001A,C:\Users\steve\My Drive\The Gradient\CRISIS_LITURGIES\00_PROJECT_CONTROL_CL_OPS_001\CL_PHASE_00_EVIDENCE_FREEZE_COMPLETION_REPORT_2026-07-13.md,CL_PHASE_00_EVIDENCE_FREEZE_COMPLETION_REPORT_2026-07-13.md,2060,2026-07-13T12:41:53.3330000Z,66eef2386e14a8602738e7f9cc5f3cfd3c83cf50ba218ff043de7ea684e6967c,66eef2386e14a8602738e7f9cc5f3cfd3c83cf50ba218ff043de7ea684e6967c,YES,YES,YES,OUTSIDE_REPO,GOVERNANCE_CONTROL_RECORD,PROGRAM_CONTROL_CANDIDATE,PENDING_HUMAN_RATIFICATION,Phase 02B MFR remapped under 02C lock; requires RAT-CL-002/003/006,C:\Users\steve\Projects\gradient-institution\CRISIS_LITURGIES\00_PROJECT_CONTROL\03_PHASE_EVIDENCE,C:\Users\steve\Projects\gradient-institution\CRISIS_LITURGIES\00_PROJECT_CONTROL\03_PHASE_EVIDENCE\CL_PHASE_00_EVIDENCE_FREEZE_COMPLETION_REPORT_2026-07-13.md,YES,YES,NO,,,N/A_NOT_CHACHIPTI,source:C:\Users\steve\My Drive\The Gradient\CRISIS_LITURGIES\00_PROJECT_CONTROL_CL_OPS_001\CL_PHASE_00_EVIDENCE_FREEZE_COMPLETION_REPORT_2026-07-13.md|sha256:66eef2386e14a8602738e7f9cc5f3cfd3c83cf50ba218ff043de7ea684e6967c,BLOCKED_AUTHORITY,Authority unresolved: RAT-CL-003/004 APPROVED FOR PLANNING ONLY; no per-file AUTHORIZE_COPY; mapping authority_state=PENDING_HUMAN_RATIFICATION,MFR-0004,BLOCKED_AUTHORITY,PHASE_EVIDENCE
CAND-02G-0005,CL-MIG-001A,C:\Users\steve\My Drive\The Gradient\CRISIS_LITURGIES\00_PROJECT_CONTROL_CL_OPS_001\CL_PHASE_00_EVIDENCE_FREEZE_PACKAGE_2026-07-13.zip,CL_PHASE_00_EVIDENCE_FREEZE_PACKAGE_2026-07-13.zip,33803,2026-07-13T12:40:46.0420000Z,d998d67747ee71c3c7f147c746848acce6a9737c4e03814b1c5925fd11f062a0,d998d67747ee71c3c7f147c746848acce6a9737c4e03814b1c5925fd11f062a0,YES,YES,YES,OUTSIDE_REPO,ARCHIVE_PACKAGE,EXTERNAL_OR_EXCLUDED,EXTERNAL_REFERENCE_ONLY,Phase 02B exclusion retained; payloads stay on Drive,C:\Users\steve\Projects\gradient-institution\CRISIS_LITURGIES\00_PROJECT_CONTROL\04_EXTERNAL_REFERENCES,C:\Users\steve\Projects\gradient-institution\CRISIS_LITURGIES\00_PROJECT_CONTROL\04_EXTERNAL_REFERENCES\CL_PHASE_00_EVIDENCE_FREEZE_PACKAGE_2026-07-13.xbin.json,NO,N/A,NO,,,N/A_NOT_CHACHIPTI,source:C:\Users\steve\My Drive\The Gradient\CRISIS_LITURGIES\00_PROJECT_CONTROL_CL_OPS_001\CL_PHASE_00_EVIDENCE_FREEZE_PACKAGE_2026-07-13.zip|sha256:d998d67747ee71c3c7f147c746848acce6a9737c4e03814b1c5925fd11f062a0,EXCLUDED,EXCLUDED_BINARY,MFR-0005,EXCLUDED,EXCLUDED
CAND-02G-0006,CL-MIG-001A,C:\Users\steve\My Drive\The Gradient\CRISIS_LITURGIES\00_PROJECT_CONTROL_CL_OPS_001\CL_PHASE_00_FINAL_CLOSURE_AND_PHASE_01_CHARTER_2026-07-13.zip,CL_PHASE_00_FINAL_CLOSURE_AND_PHASE_01_CHARTER_2026-07-13.zip,6736,2026-07-13T14:05:37.3690000Z,c9fe1ff43ceaa89092aae604e58f8c6dd531d789ffd145c5559c6faa7d1e9b84,c9fe1ff43ceaa89092aae604e58f8c6dd531d789ffd145c5559c6faa7d1e9b84,YES,YES,YES,OUTSIDE_REPO,ARCHIVE_PACKAGE,EXTERNAL_OR_EXCLUDED,EXTERNAL_REFERENCE_ONLY,Phase 02B exclusion retained; payloads stay on Drive,C:\Users\steve\Projects\gradient-institution\CRISIS_LITURGIES\00_PROJECT_CONTROL\04_EXTERNAL_REFERENCES,C:\Users\steve\Projects\gradient-institution\CRISIS_LITURGIES\00_PROJECT_CONTROL\04_EXTERNAL_REFERENCES\CL_PHASE_00_FINAL_CLOSURE_AND_PHASE_01_CHARTER_2026-07-13.xbin.json,NO,N/A,NO,,,N/A_NOT_CHACHIPTI,source:C:\Users\steve\My Drive\The Gradient\CRISIS_LITURGIES\00_PROJECT_CONTROL_CL_OPS_001\CL_PHASE_00_FINAL_CLOSURE_AND_PHASE_01_CHARTER_2026-07-13.zip|sha256:c9fe1ff43ceaa89092aae604e58f8c6dd531d789ffd145c5559c6faa7d1e9b84,EXCLUDED,EXCLUDED_BINARY,MFR-0006,EXCLUDED,EXCLUDED
CAND-02G-0007,CL-MIG-001A,C:\Users\steve\My Drive\The Gradient\CRISIS_LITURGIES\00_PROJECT_CONTROL_CL_OPS_001\CL_PHASE_00_MASTER_CONFLICT_LEDGER_2026-07-13.json,CL_PHASE_00_MASTER_CONFLICT_LEDGER_2026-07-13.json,10531,2026-07-13T12:43:03.8870000Z,6017f61299c9aa11319ef25fa505098dec4e0729800917f04e73da9c29115609,6017f61299c9aa11319ef25fa505098dec4e0729800917f04e73da9c29115609,YES,YES,YES,OUTSIDE_REPO,GOVERNANCE_CONTROL_RECORD,PROGRAM_CONTROL_CANDIDATE,PENDING_HUMAN_RATIFICATION,Phase 02B MFR remapped under 02C lock; requires RAT-CL-002/003/006,C:\Users\steve\Projects\gradient-institution\CRISIS_LITURGIES\00_PROJECT_CONTROL\03_PHASE_EVIDENCE,C:\Users\steve\Projects\gradient-institution\CRISIS_LITURGIES\00_PROJECT_CONTROL\03_PHASE_EVIDENCE\CL_PHASE_00_MASTER_CONFLICT_LEDGER_2026-07-13.json,YES,YES,NO,,,N/A_NOT_CHACHIPTI,source:C:\Users\steve\My Drive\The Gradient\CRISIS_LITURGIES\00_PROJECT_CONTROL_CL_OPS_001\CL_PHASE_00_MASTER_CONFLICT_LEDGER_2026-07-13.json|sha256:6017f61299c9aa11319ef25fa505098dec4e0729800917f04e73da9c29115609,BLOCKED_AUTHORITY,Authority unresolved: RAT-CL-003/004 APPROVED FOR PLANNING ONLY; no per-file AUTHORIZE_COPY; mapping authority_state=PENDING_HUMAN_RATIFICATION,MFR-0007,BLOCKED_AUTHORITY,PHASE_EVIDENCE
CAND-02G-0008,CL-MIG-001A,C:\Users\steve\My Drive\The Gradient\CRISIS_LITURGIES\00_PROJECT_CONTROL_CL_OPS_001\CL_PHASE_00_MASTER_CONFLICT_LEDGER_2026-07-13.md,CL_PHASE_00_MASTER_CONFLICT_LEDGER_2026-07-13.md,4336,2026-07-13T12:41:10.6120000Z,af019314861256545b691307d9593f62f260e92c62c05c7b39c07cec18506228,af019314861256545b691307d9593f62f260e92c62c05c7b39c07cec18506228,YES,YES,YES,OUTSIDE_REPO,GOVERNANCE_CONTROL_RECORD,PROGRAM_CONTROL_CANDIDATE,PENDING_HUMAN_RATIFICATION,Phase 02B MFR remapped under 02C lock; requires RAT-CL-002/003/006,C:\Users\steve\Projects\gradient-institution\CRISIS_LITURGIES\00_PROJECT_CONTROL\03_PHASE_EVIDENCE,C:\Users\steve\Projects\gradient-institution\CRISIS_LITURGIES\00_PROJECT_CONTROL\03_PHASE_EVIDENCE\CL_PHASE_00_MASTER_CONFLICT_LEDGER_2026-07-13.md,YES,YES,NO,,,N/A_NOT_CHACHIPTI,source:C:\Users\steve\My Drive\The Gradient\CRISIS_LITURGIES\00_PROJECT_CONTROL_CL_OPS_001\CL_PHASE_00_MASTER_CONFLICT_LEDGER_2026-07-13.md|sha256:af019314861256545b691307d9593f62f260e92c62c05c7b39c07cec18506228,BLOCKED_AUTHORITY,Authority unresolved: RAT-CL-003/004 APPROVED FOR PLANNING ONLY; no per-file AUTHORIZE_COPY; mapping authority_state=PENDING_HUMAN_RATIFICATION,MFR-0008,BLOCKED_AUTHORITY,PHASE_EVIDENCE
CAND-02G-0009,CL-MIG-001A,C:\Users\steve\My Drive\The Gradient\CRISIS_LITURGIES\00_PROJECT_CONTROL_CL_OPS_001\CL_PHASE_00_MASTER_EVIDENCE_REGISTER_2026-07-13.json,CL_PHASE_00_MASTER_EVIDENCE_REGISTER_2026-07-13.json,24954,2026-07-13T12:42:44.0420000Z,ef53e1a4342cec06abd78ca04de2ee911a42809c0054f38a1a6916bd7f983434,ef53e1a4342cec06abd78ca04de2ee911a42809c0054f38a1a6916bd7f983434,YES,YES,YES,OUTSIDE_REPO,GOVERNANCE_CONTROL_RECORD,PROGRAM_CONTROL_CANDIDATE,PENDING_HUMAN_RATIFICATION,Phase 02B MFR remapped under 02C lock; requires RAT-CL-002/003/006,C:\Users\steve\Projects\gradient-institution\CRISIS_LITURGIES\00_PROJECT_CONTROL\03_PHASE_EVIDENCE,C:\Users\steve\Projects\gradient-institution\CRISIS_LITURGIES\00_PROJECT_CONTROL\03_PHASE_EVIDENCE\CL_PHASE_00_MASTER_EVIDENCE_REGISTER_2026-07-13.json,YES,YES,NO,,,N/A_NOT_CHACHIPTI,source:C:\Users\steve\My Drive\The Gradient\CRISIS_LITURGIES\00_PROJECT_CONTROL_CL_OPS_001\CL_PHASE_00_MASTER_EVIDENCE_REGISTER_2026-07-13.json|sha256:ef53e1a4342cec06abd78ca04de2ee911a42809c0054f38a1a6916bd7f983434,BLOCKED_AUTHORITY,Authority unresolved: RAT-CL-003/004 APPROVED FOR PLANNING ONLY; no per-file AUTHORIZE_COPY; mapping authority_state=PENDING_HUMAN_RATIFICATION,MFR-0009,BLOCKED_AUTHORITY,PHASE_EVIDENCE
CAND-02G-0010,CL-MIG-001A,C:\Users\steve\My Drive\The Gradient\CRISIS_LITURGIES\00_PROJECT_CONTROL_CL_OPS_001\CL_PHASE_00_MASTER_EVIDENCE_REGISTER_2026-07-13.md,CL_PHASE_00_MASTER_EVIDENCE_REGISTER_2026-07-13.md,11517,2026-07-13T12:41:00.2350000Z,e4caeaba165b32f76022b8194c68d3b3cc6c2d327376fe94db35044630a8ff29,e4caeaba165b32f76022b8194c68d3b3cc6c2d327376fe94db35044630a8ff29,YES,YES,YES,OUTSIDE_REPO,GOVERNANCE_CONTROL_RECORD,PROGRAM_CONTROL_CANDIDATE,PENDING_HUMAN_RATIFICATION,Phase 02B MFR remapped under 02C lock; requires RAT-CL-002/003/006,C:\Users\steve\Projects\gradient-institution\CRISIS_LITURGIES\00_PROJECT_CONTROL\03_PHASE_EVIDENCE,C:\Users\steve\Projects\gradient-institution\CRISIS_LITURGIES\00_PROJECT_CONTROL\03_PHASE_EVIDENCE\CL_PHASE_00_MASTER_EVIDENCE_REGISTER_2026-07-13.md,YES,YES,NO,,,N/A_NOT_CHACHIPTI,source:C:\Users\steve\My Drive\The Gradient\CRISIS_LITURGIES\00_PROJECT_CONTROL_CL_OPS_001\CL_PHASE_00_MASTER_EVIDENCE_REGISTER_2026-07-13.md|sha256:e4caeaba165b32f76022b8194c68d3b3cc6c2d327376fe94db35044630a8ff29,BLOCKED_AUTHORITY,Authority unresolved: RAT-CL-003/004 APPROVED FOR PLANNING ONLY; no per-file AUTHORIZE_COPY; mapping authority_state=PENDING_HUMAN_RATIFICATION,MFR-0010,BLOCKED_AUTHORITY,PHASE_EVIDENCE
CAND-02G-0011,CL-MIG-001A,C:\Users\steve\My Drive\The Gradient\CRISIS_LITURGIES\00_PROJECT_CONTROL_CL_OPS_001\CL_PHASE_00_PACKAGE_MANIFEST_2026-07-13.json,CL_PHASE_00_PACKAGE_MANIFEST_2026-07-13.json,2054,2026-07-13T12:43:29.2020000Z,012d6f93f20d8399079688dd8b4fdeeea246468bc750ea2fe97814f4deb178ed,012d6f93f20d8399079688dd8b4fdeeea246468bc750ea2fe97814f4deb178ed,YES,YES,YES,OUTSIDE_REPO,GOVERNANCE_CONTROL_RECORD,PROGRAM_CONTROL_CANDIDATE,PENDING_HUMAN_RATIFICATION,Phase 02B MFR remapped under 02C lock; requires RAT-CL-002/003/006,C:\Users\steve\Projects\gradient-institution\CRISIS_LITURGIES\00_PROJECT_CONTROL\03_PHASE_EVIDENCE,C:\Users\steve\Projects\gradient-institution\CRISIS_LITURGIES\00_PROJECT_CONTROL\03_PHASE_EVIDENCE\CL_PHASE_00_PACKAGE_MANIFEST_2026-07-13.json,YES,YES,NO,,,N/A_NOT_CHACHIPTI,source:C:\Users\steve\My Drive\The Gradient\CRISIS_LITURGIES\00_PROJECT_CONTROL_CL_OPS_001\CL_PHASE_00_PACKAGE_MANIFEST_2026-07-13.json|sha256:012d6f93f20d8399079688dd8b4fdeeea246468bc750ea2fe97814f4deb178ed,BLOCKED_AUTHORITY,Authority unresolved: RAT-CL-003/004 APPROVED FOR PLANNING ONLY; no per-file AUTHORIZE_COPY; mapping authority_state=PENDING_HUMAN_RATIFICATION,MFR-0011,BLOCKED_AUTHORITY,PHASE_EVIDENCE
CAND-02G-0012,CL-MIG-001A,C:\Users\steve\My Drive\The Gradient\CRISIS_LITURGIES\00_PROJECT_CONTROL_CL_OPS_001\CL_PHASE_00_QUARANTINE_REGISTER_2026-07-13.json,CL_PHASE_00_QUARANTINE_REGISTER_2026-07-13.json,8606,2026-07-13T12:43:12.3710000Z,39723cf4cabfd16ccb106c4f4fd3ef106bce5a49760d91be7f1cef03de34cad1,39723cf4cabfd16ccb106c4f4fd3ef106bce5a49760d91be7f1cef03de34cad1,YES,YES,YES,OUTSIDE_REPO,GOVERNANCE_CONTROL_RECORD,PROGRAM_CONTROL_CANDIDATE,PENDING_HUMAN_RATIFICATION,Phase 02B MFR remapped under 02C lock; requires RAT-CL-002/003/006,C:\Users\steve\Projects\gradient-institution\CRISIS_LITURGIES\00_PROJECT_CONTROL\03_PHASE_EVIDENCE,C:\Users\steve\Projects\gradient-institution\CRISIS_LITURGIES\00_PROJECT_CONTROL\03_PHASE_EVIDENCE\CL_PHASE_00_QUARANTINE_REGISTER_2026-07-13.json,YES,YES,NO,,,N/A_NOT_CHACHIPTI,source:C:\Users\steve\My Drive\The Gradient\CRISIS_LITURGIES\00_PROJECT_CONTROL_CL_OPS_001\CL_PHASE_00_QUARANTINE_REGISTER_2026-07-13.json|sha256:39723cf4cabfd16ccb106c4f4fd3ef106bce5a49760d91be7f1cef03de34cad1,BLOCKED_AUTHORITY,Authority unresolved: RAT-CL-003/004 APPROVED FOR PLANNING ONLY; no per-file AUTHORIZE_COPY; mapping authority_state=PENDING_HUMAN_RATIFICATION,MFR-0012,BLOCKED_AUTHORITY,PHASE_EVIDENCE
CAND-02G-0013,CL-MIG-001A,C:\Users\steve\My Drive\The Gradient\CRISIS_LITURGIES\00_PROJECT_CONTROL_CL_OPS_001\CL_PHASE_00_QUARANTINE_REGISTER_2026-07-13.md,CL_PHASE_00_QUARANTINE_REGISTER_2026-07-13.md,3635,2026-07-13T12:41:32.7860000Z,dad4f5dd49b9c685e903e4a7a516ab328e81501a4a29f334843dbc6c7348f87f,dad4f5dd49b9c685e903e4a7a516ab328e81501a4a29f334843dbc6c7348f87f,YES,YES,YES,OUTSIDE_REPO,GOVERNANCE_CONTROL_RECORD,PROGRAM_CONTROL_CANDIDATE,PENDING_HUMAN_RATIFICATION,Phase 02B MFR remapped under 02C lock; requires RAT-CL-002/003/006,C:\Users\steve\Projects\gradient-institution\CRISIS_LITURGIES\00_PROJECT_CONTROL\03_PHASE_EVIDENCE,C:\Users\steve\Projects\gradient-institution\CRISIS_LITURGIES\00_PROJECT_CONTROL\03_PHASE_EVIDENCE\CL_PHASE_00_QUARANTINE_REGISTER_2026-07-13.md,YES,YES,NO,,,N/A_NOT_CHACHIPTI,source:C:\Users\steve\My Drive\The Gradient\CRISIS_LITURGIES\00_PROJECT_CONTROL_CL_OPS_001\CL_PHASE_00_QUARANTINE_REGISTER_2026-07-13.md|sha256:dad4f5dd49b9c685e903e4a7a516ab328e81501a4a29f334843dbc6c7348f87f,BLOCKED_AUTHORITY,Authority unresolved: RAT-CL-003/004 APPROVED FOR PLANNING ONLY; no per-file AUTHORIZE_COPY; mapping authority_state=PENDING_HUMAN_RATIFICATION,MFR-0013,BLOCKED_AUTHORITY,PHASE_EVIDENCE
CAND-02G-0014,CL-MIG-001A,C:\Users\steve\My Drive\The Gradient\CRISIS_LITURGIES\00_PROJECT_CONTROL_CL_OPS_001\CL_PHASE_00_SOURCE_ROOT_MAP_2026-07-13.json,CL_PHASE_00_SOURCE_ROOT_MAP_2026-07-13.json,7454,2026-07-13T12:42:54.1520000Z,45d67bd14c4684ba88e4913061b2ea353c6bbb79cd2a92113fee9cc85957cfea,45d67bd14c4684ba88e4913061b2ea353c6bbb79cd2a92113fee9cc85957cfea,YES,YES,YES,OUTSIDE_REPO,GOVERNANCE_CONTROL_RECORD,PROGRAM_CONTROL_CANDIDATE,PENDING_HUMAN_RATIFICATION,Phase 02B MFR remapped under 02C lock; requires RAT-CL-002/003/006,C:\Users\steve\Projects\gradient-institution\CRISIS_LITURGIES\00_PROJECT_CONTROL\03_PHASE_EVIDENCE,C:\Users\steve\Projects\gradient-institution\CRISIS_LITURGIES\00_PROJECT_CONTROL\03_PHASE_EVIDENCE\CL_PHASE_00_SOURCE_ROOT_MAP_2026-07-13.json,YES,YES,NO,,,N/A_NOT_CHACHIPTI,source:C:\Users\steve\My Drive\The Gradient\CRISIS_LITURGIES\00_PROJECT_CONTROL_CL_OPS_001\CL_PHASE_00_SOURCE_ROOT_MAP_2026-07-13.json|sha256:45d67bd14c4684ba88e4913061b2ea353c6bbb79cd2a92113fee9cc85957cfea,BLOCKED_AUTHORITY,Authority unresolved: RAT-CL-003/004 APPROVED FOR PLANNING ONLY; no per-file AUTHORIZE_COPY; mapping authority_state=PENDING_HUMAN_RATIFICATION,MFR-0014,BLOCKED_AUTHORITY,PHASE_EVIDENCE
CAND-02G-0015,CL-MIG-001A,C:\Users\steve\My Drive\The Gradient\CRISIS_LITURGIES\00_PROJECT_CONTROL_CL_OPS_001\CL_PHASE_00_SOURCE_ROOT_MAP_2026-07-13.md,CL_PHASE_00_SOURCE_ROOT_MAP_2026-07-13.md,4717,2026-07-13T12:41:21.9250000Z,a1551a3cd2a0c8003e9475917acb2a214592da04e85e1595262502d8d0c54a4f,a1551a3cd2a0c8003e9475917acb2a214592da04e85e1595262502d8d0c54a4f,YES,YES,YES,OUTSIDE_REPO,GOVERNANCE_CONTROL_RECORD,PROGRAM_CONTROL_CANDIDATE,PENDING_HUMAN_RATIFICATION,Phase 02B MFR remapped under 02C lock; requires RAT-CL-002/003/006,C:\Users\steve\Projects\gradient-institution\CRISIS_LITURGIES\00_PROJECT_CONTROL\03_PHASE_EVIDENCE,C:\Users\steve\Projects\gradient-institution\CRISIS_LITURGIES\00_PROJECT_CONTROL\03_PHASE_EVIDENCE\CL_PHASE_00_SOURCE_ROOT_MAP_2026-07-13.md,YES,YES,NO,,,N/A_NOT_CHACHIPTI,source:C:\Users\steve\My Drive\The Gradient\CRISIS_LITURGIES\00_PROJECT_CONTROL_CL_OPS_001\CL_PHASE_00_SOURCE_ROOT_MAP_2026-07-13.md|sha256:a1551a3cd2a0c8003e9475917acb2a214592da04e85e1595262502d8d0c54a4f,BLOCKED_AUTHORITY,Authority unresolved: RAT-CL-003/004 APPROVED FOR PLANNING ONLY; no per-file AUTHORIZE_COPY; mapping authority_state=PENDING_HUMAN_RATIFICATION,MFR-0015,BLOCKED_AUTHORITY,PHASE_EVIDENCE
CAND-02G-0016,CL-MIG-001A,C:\Users\steve\My Drive\The Gradient\CRISIS_LITURGIES\00_PROJECT_CONTROL_CL_OPS_001\CL_PHASE_00B_CURSOR_DISK_INVENTORY_RECONCILIATION_2026-07-13.json,CL_PHASE_00B_CURSOR_DISK_INVENTORY_RECONCILIATION_2026-07-13.json,5293,2026-07-13T17:45:16.0000000Z,57dd0c4f4e3226d6f23d38a78de37ad7957bfb8a08137ebde2d15e8c9d414bec,57dd0c4f4e3226d6f23d38a78de37ad7957bfb8a08137ebde2d15e8c9d414bec,YES,YES,YES,OUTSIDE_REPO,GOVERNANCE_CONTROL_RECORD,PROGRAM_CONTROL_CANDIDATE,PENDING_HUMAN_RATIFICATION,Phase 02B MFR remapped under 02C lock; requires RAT-CL-002/003/006,C:\Users\steve\Projects\gradient-institution\CRISIS_LITURGIES\00_PROJECT_CONTROL\03_PHASE_EVIDENCE,C:\Users\steve\Projects\gradient-institution\CRISIS_LITURGIES\00_PROJECT_CONTROL\03_PHASE_EVIDENCE\CL_PHASE_00B_CURSOR_DISK_INVENTORY_RECONCILIATION_2026-07-13.json,YES,YES,NO,,,N/A_NOT_CHACHIPTI,source:C:\Users\steve\My Drive\The Gradient\CRISIS_LITURGIES\00_PROJECT_CONTROL_CL_OPS_001\CL_PHASE_00B_CURSOR_DISK_INVENTORY_RECONCILIATION_2026-07-13.json|sha256:57dd0c4f4e3226d6f23d38a78de37ad7957bfb8a08137ebde2d15e8c9d414bec,BLOCKED_AUTHORITY,Authority unresolved: RAT-CL-003/004 APPROVED FOR PLANNING ONLY; no per-file AUTHORIZE_COPY; mapping authority_state=PENDING_HUMAN_RATIFICATION,MFR-0016,BLOCKED_AUTHORITY,PHASE_EVIDENCE
CAND-02G-0017,CL-MIG-001A,C:\Users\steve\My Drive\The Gradient\CRISIS_LITURGIES\00_PROJECT_CONTROL_CL_OPS_001\CL_PHASE_00B_CURSOR_DISK_INVENTORY_RECONCILIATION_2026-07-13.md,CL_PHASE_00B_CURSOR_DISK_INVENTORY_RECONCILIATION_2026-07-13.md,4551,2026-07-13T17:45:16.0000000Z,e824bfe6a7f8fc48644318a13f744ba5d2c1aa2e4da86426881c91a2522cef2b,e824bfe6a7f8fc48644318a13f744ba5d2c1aa2e4da86426881c91a2522cef2b,YES,YES,YES,OUTSIDE_REPO,GOVERNANCE_CONTROL_RECORD,PROGRAM_CONTROL_CANDIDATE,PENDING_HUMAN_RATIFICATION,Phase 02B MFR remapped under 02C lock; requires RAT-CL-002/003/006,C:\Users\steve\Projects\gradient-institution\CRISIS_LITURGIES\00_PROJECT_CONTROL\03_PHASE_EVIDENCE,C:\Users\steve\Projects\gradient-institution\CRISIS_LITURGIES\00_PROJECT_CONTROL\03_PHASE_EVIDENCE\CL_PHASE_00B_CURSOR_DISK_INVENTORY_RECONCILIATION_2026-07-13.md,YES,YES,NO,,,N/A_NOT_CHACHIPTI,source:C:\Users\steve\My Drive\The Gradient\CRISIS_LITURGIES\00_PROJECT_CONTROL_CL_OPS_001\CL_PHASE_00B_CURSOR_DISK_INVENTORY_RECONCILIATION_2026-07-13.md|sha256:e824bfe6a7f8fc48644318a13f744ba5d2c1aa2e4da86426881c91a2522cef2b,BLOCKED_AUTHORITY,Authority unresolved: RAT-CL-003/004 APPROVED FOR PLANNING ONLY; no per-file AUTHORIZE_COPY; mapping authority_state=PENDING_HUMAN_RATIFICATION,MFR-0017,BLOCKED_AUTHORITY,PHASE_EVIDENCE
CAND-02G-0018,CL-MIG-001A,C:\Users\steve\My Drive\The Gradient\CRISIS_LITURGIES\00_PROJECT_CONTROL_CL_OPS_001\CL_PHASE_00B_STATUS_UPDATE_2026-07-13.md,CL_PHASE_00B_STATUS_UPDATE_2026-07-13.md,697,2026-07-13T17:45:16.0000000Z,f0d71382ec14ade9aeb8c350976389bbbd60cf37c3f2cca0bf75be3751f44ce1,f0d71382ec14ade9aeb8c350976389bbbd60cf37c3f2cca0bf75be3751f44ce1,YES,YES,YES,OUTSIDE_REPO,GOVERNANCE_CONTROL_RECORD,PROGRAM_CONTROL_CANDIDATE,PENDING_HUMAN_RATIFICATION,Phase 02B MFR remapped under 02C lock; requires RAT-CL-002/003/006,C:\Users\steve\Projects\gradient-institution\CRISIS_LITURGIES\00_PROJECT_CONTROL\03_PHASE_EVIDENCE,C:\Users\steve\Projects\gradient-institution\CRISIS_LITURGIES\00_PROJECT_CONTROL\03_PHASE_EVIDENCE\CL_PHASE_00B_STATUS_UPDATE_2026-07-13.md,YES,YES,NO,,,N/A_NOT_CHACHIPTI,source:C:\Users\steve\My Drive\The Gradient\CRISIS_LITURGIES\00_PROJECT_CONTROL_CL_OPS_001\CL_PHASE_00B_STATUS_UPDATE_2026-07-13.md|sha256:f0d71382ec14ade9aeb8c350976389bbbd60cf37c3f2cca0bf75be3751f44ce1,BLOCKED_AUTHORITY,Authority unresolved: RAT-CL-003/004 APPROVED FOR PLANNING ONLY; no per-file AUTHORIZE_COPY; mapping authority_state=PENDING_HUMAN_RATIFICATION,MFR-0018,BLOCKED_AUTHORITY,PHASE_EVIDENCE
CAND-02G-0019,CL-MIG-001A,C:\Users\steve\My Drive\The Gradient\CRISIS_LITURGIES\00_PROJECT_CONTROL_CL_OPS_001\CL_PHASE_00C_PACKAGE_INTEGRITY_PATCH_PACKET_2026-07-13.md,CL_PHASE_00C_PACKAGE_INTEGRITY_PATCH_PACKET_2026-07-13.md,1816,2026-07-13T17:45:16.0000000Z,fbe46d68e0893ac8bf98341cd532652ff77275508d1b30375438cabaec225cbc,fbe46d68e0893ac8bf98341cd532652ff77275508d1b30375438cabaec225cbc,YES,YES,YES,OUTSIDE_REPO,GOVERNANCE_CONTROL_RECORD,PROGRAM_CONTROL_CANDIDATE,PENDING_HUMAN_RATIFICATION,Phase 02B MFR remapped under 02C lock; requires RAT-CL-002/003/006,C:\Users\steve\Projects\gradient-institution\CRISIS_LITURGIES\00_PROJECT_CONTROL\03_PHASE_EVIDENCE,C:\Users\steve\Projects\gradient-institution\CRISIS_LITURGIES\00_PROJECT_CONTROL\03_PHASE_EVIDENCE\CL_PHASE_00C_PACKAGE_INTEGRITY_PATCH_PACKET_2026-07-13.md,YES,YES,NO,,,N/A_NOT_CHACHIPTI,source:C:\Users\steve\My Drive\The Gradient\CRISIS_LITURGIES\00_PROJECT_CONTROL_CL_OPS_001\CL_PHASE_00C_PACKAGE_INTEGRITY_PATCH_PACKET_2026-07-13.md|sha256:fbe46d68e0893ac8bf98341cd532652ff77275508d1b30375438cabaec225cbc,BLOCKED_AUTHORITY,Authority unresolved: RAT-CL-003/004 APPROVED FOR PLANNING ONLY; no per-file AUTHORIZE_COPY; mapping authority_state=PENDING_HUMAN_RATIFICATION,MFR-0019,BLOCKED_AUTHORITY,PHASE_EVIDENCE
CAND-02G-0020,CL-MIG-001A,C:\Users\steve\My Drive\The Gradient\CRISIS_LITURGIES\00_PROJECT_CONTROL_CL_OPS_001\CL_PHASE_01_FINAL_CLOSURE_AND_PHASE_02_PLANNING_PACKAGE_2026-07-13.zip,CL_PHASE_01_FINAL_CLOSURE_AND_PHASE_02_PLANNING_PACKAGE_2026-07-13.zip,7351,2026-07-13T15:25:38.1140000Z,9021e371274581d8309be5569921e942cef8622079ae3e2352bdb47feb922bb6,9021e371274581d8309be5569921e942cef8622079ae3e2352bdb47feb922bb6,YES,YES,YES,OUTSIDE_REPO,ARCHIVE_PACKAGE,EXTERNAL_OR_EXCLUDED,EXTERNAL_REFERENCE_ONLY,Phase 02B exclusion retained; payloads stay on Drive,C:\Users\steve\Projects\gradient-institution\CRISIS_LITURGIES\00_PROJECT_CONTROL\04_EXTERNAL_REFERENCES,C:\Users\steve\Projects\gradient-institution\CRISIS_LITURGIES\00_PROJECT_CONTROL\04_EXTERNAL_REFERENCES\CL_PHASE_01_FINAL_CLOSURE_AND_PHASE_02_PLANNING_PACKAGE_2026-07-13.xbin.json,NO,N/A,NO,,,N/A_NOT_CHACHIPTI,source:C:\Users\steve\My Drive\The Gradient\CRISIS_LITURGIES\00_PROJECT_CONTROL_CL_OPS_001\CL_PHASE_01_FINAL_CLOSURE_AND_PHASE_02_PLANNING_PACKAGE_2026-07-13.zip|sha256:9021e371274581d8309be5569921e942cef8622079ae3e2352bdb47feb922bb6,EXCLUDED,EXCLUDED_BINARY,MFR-0020,EXCLUDED,EXCLUDED
CAND-02G-0021,CL-MIG-001A,C:\Users\steve\My Drive\The Gradient\CRISIS_LITURGIES\00_PROJECT_CONTROL_CL_OPS_001\CL_PROD_ARCH_001_CRISIS_LITURGIES_AUTHORITY_ROLES_SYSTEM_ARCHITECTURE_v0.2.md,CL_PROD_ARCH_001_CRISIS_LITURGIES_AUTHORITY_ROLES_SYSTEM_ARCHITECTURE_v0.2.md,37831,2026-07-13T12:42:06.1610000Z,d77bb589a551c91a92cf1b6c6a677eac1a4543b7e17f172290308d7b70c9b0e9,d77bb589a551c91a92cf1b6c6a677eac1a4543b7e17f172290308d7b70c9b0e9,YES,YES,YES,OUTSIDE_REPO,GOVERNANCE_CONTROL_RECORD,PROGRAM_CONTROL_CANDIDATE,PENDING_HUMAN_RATIFICATION,Phase 02B MFR remapped under 02C lock; requires RAT-CL-002/003/006,C:\Users\steve\Projects\gradient-institution\CRISIS_LITURGIES\00_PROJECT_CONTROL\01_PROGRAM_GOVERNANCE,C:\Users\steve\Projects\gradient-institution\CRISIS_LITURGIES\00_PROJECT_CONTROL\01_PROGRAM_GOVERNANCE\CL_PROD_ARCH_001_CRISIS_LITURGIES_AUTHORITY_ROLES_SYSTEM_ARCHITECTURE_v0.2.md,YES,YES,NO,,,N/A_NOT_CHACHIPTI,source:C:\Users\steve\My Drive\The Gradient\CRISIS_LITURGIES\00_PROJECT_CONTROL_CL_OPS_001\CL_PROD_ARCH_001_CRISIS_LITURGIES_AUTHORITY_ROLES_SYSTEM_ARCHITECTURE_v0.2.md|sha256:d77bb589a551c91a92cf1b6c6a677eac1a4543b7e17f172290308d7b70c9b0e9,BLOCKED_AUTHORITY,Authority unresolved: RAT-CL-003/004 APPROVED FOR PLANNING ONLY; no per-file AUTHORIZE_COPY; mapping authority_state=PENDING_HUMAN_RATIFICATION,MFR-0021,BLOCKED_AUTHORITY,PROGRAM_GOVERNANCE
CAND-02G-0022,CL-MIG-001A,C:\Users\steve\My Drive\The Gradient\CRISIS_LITURGIES\00_PROJECT_CONTROL_CL_OPS_001\CL_PROD_ARCH_001A_RATIFICATION_AND_NAMED_PATCH_RECORD_2026-07-13.json,CL_PROD_ARCH_001A_RATIFICATION_AND_NAMED_PATCH_RECORD_2026-07-13.json,8043,2026-07-13T12:43:19.2050000Z,748e10eb7b5cd97ecd4a9e380435257ae35820f95ea1c9b4908b4ad05aa2cd1e,748e10eb7b5cd97ecd4a9e380435257ae35820f95ea1c9b4908b4ad05aa2cd1e,YES,YES,YES,OUTSIDE_REPO,GOVERNANCE_CONTROL_RECORD,PROGRAM_CONTROL_CANDIDATE,PENDING_HUMAN_RATIFICATION,Phase 02B MFR remapped under 02C lock; requires RAT-CL-002/003/006,C:\Users\steve\Projects\gradient-institution\CRISIS_LITURGIES\00_PROJECT_CONTROL\01_PROGRAM_GOVERNANCE,C:\Users\steve\Projects\gradient-institution\CRISIS_LITURGIES\00_PROJECT_CONTROL\01_PROGRAM_GOVERNANCE\CL_PROD_ARCH_001A_RATIFICATION_AND_NAMED_PATCH_RECORD_2026-07-13.json,YES,YES,NO,,,N/A_NOT_CHACHIPTI,source:C:\Users\steve\My Drive\The Gradient\CRISIS_LITURGIES\00_PROJECT_CONTROL_CL_OPS_001\CL_PROD_ARCH_001A_RATIFICATION_AND_NAMED_PATCH_RECORD_2026-07-13.json|sha256:748e10eb7b5cd97ecd4a9e380435257ae35820f95ea1c9b4908b4ad05aa2cd1e,BLOCKED_AUTHORITY,Authority unresolved: RAT-CL-003/004 APPROVED FOR PLANNING ONLY; no per-file AUTHORIZE_COPY; mapping authority_state=PENDING_HUMAN_RATIFICATION,MFR-0022,BLOCKED_AUTHORITY,PROGRAM_GOVERNANCE
CAND-02G-0023,CL-MIG-001A,C:\Users\steve\My Drive\The Gradient\CRISIS_LITURGIES\00_PROJECT_CONTROL_CL_OPS_001\CL_PROD_ARCH_001A_RATIFICATION_AND_NAMED_PATCH_RECORD_2026-07-13.md,CL_PROD_ARCH_001A_RATIFICATION_AND_NAMED_PATCH_RECORD_2026-07-13.md,8089,2026-07-13T12:41:59.5900000Z,275202a24950daea7ffc0a2a370448f424ace8e9e4b698b48447e13242073fd8,275202a24950daea7ffc0a2a370448f424ace8e9e4b698b48447e13242073fd8,YES,YES,YES,OUTSIDE_REPO,GOVERNANCE_CONTROL_RECORD,PROGRAM_CONTROL_CANDIDATE,PENDING_HUMAN_RATIFICATION,Phase 02B MFR remapped under 02C lock; requires RAT-CL-002/003/006,C:\Users\steve\Projects\gradient-institution\CRISIS_LITURGIES\00_PROJECT_CONTROL\01_PROGRAM_GOVERNANCE,C:\Users\steve\Projects\gradient-institution\CRISIS_LITURGIES\00_PROJECT_CONTROL\01_PROGRAM_GOVERNANCE\CL_PROD_ARCH_001A_RATIFICATION_AND_NAMED_PATCH_RECORD_2026-07-13.md,YES,YES,NO,,,N/A_NOT_CHACHIPTI,source:C:\Users\steve\My Drive\The Gradient\CRISIS_LITURGIES\00_PROJECT_CONTROL_CL_OPS_001\CL_PROD_ARCH_001A_RATIFICATION_AND_NAMED_PATCH_RECORD_2026-07-13.md|sha256:275202a24950daea7ffc0a2a370448f424ace8e9e4b698b48447e13242073fd8,BLOCKED_AUTHORITY,Authority unresolved: RAT-CL-003/004 APPROVED FOR PLANNING ONLY; no per-file AUTHORIZE_COPY; mapping authority_state=PENDING_HUMAN_RATIFICATION,MFR-0023,BLOCKED_AUTHORITY,PROGRAM_GOVERNANCE
CAND-02G-0024,CL-MIG-001A,C:\Users\steve\My Drive\The Gradient\00_PROJECT_CONTROL\CL_PHASE_00_DISK_INVENTORY_20260713\_regen_candidates.py,_regen_candidates.py,15148,2026-07-13T14:52:18.1258315Z,349b13295334a8d58cb9cdae2ed7bd75f50a91752e37e0b5d8baf89e5a3b36ec,349b13295334a8d58cb9cdae2ed7bd75f50a91752e37e0b5d8baf89e5a3b36ec,YES,YES,YES,OUTSIDE_REPO,INVENTORY_TOOLING,EXTERNAL_OR_EXCLUDED,EXTERNAL_REFERENCE_ONLY,Phase 02B exclusion retained; payloads stay on Drive,,,NO,N/A,NO,,,N/A_NOT_CHACHIPTI,source:C:\Users\steve\My Drive\The Gradient\00_PROJECT_CONTROL\CL_PHASE_00_DISK_INVENTORY_20260713\_regen_candidates.py|sha256:349b13295334a8d58cb9cdae2ed7bd75f50a91752e37e0b5d8baf89e5a3b36ec,EXCLUDED,EXCLUDED_NON_GOVERNANCE,MFR-0024,EXCLUDED,EXCLUDED
CAND-02G-0025,CL-MIG-001A,C:\Users\steve\My Drive\The Gradient\00_PROJECT_CONTROL\CL_PHASE_00_DISK_INVENTORY_20260713\_run_00c_patch.py,_run_00c_patch.py,11017,2026-07-13T14:52:18.1268314Z,2b95b743c0208d8bc391125f93d8ddec104f817a5b834a2be91f562ad1cf32ac,2b95b743c0208d8bc391125f93d8ddec104f817a5b834a2be91f562ad1cf32ac,YES,YES,YES,OUTSIDE_REPO,INVENTORY_TOOLING,EXTERNAL_OR_EXCLUDED,EXTERNAL_REFERENCE_ONLY,Phase 02B exclusion retained; payloads stay on Drive,,,NO,N/A,NO,,,N/A_NOT_CHACHIPTI,source:C:\Users\steve\My Drive\The Gradient\00_PROJECT_CONTROL\CL_PHASE_00_DISK_INVENTORY_20260713\_run_00c_patch.py|sha256:2b95b743c0208d8bc391125f93d8ddec104f817a5b834a2be91f562ad1cf32ac,EXCLUDED,EXCLUDED_NON_GOVERNANCE,MFR-0025,EXCLUDED,EXCLUDED
CAND-02G-0026,CL-MIG-001A,C:\Users\steve\My Drive\The Gradient\00_PROJECT_CONTROL\CL_PHASE_00_DISK_INVENTORY_20260713\_run_inventory.log,_run_inventory.log,8320,2026-07-13T13:10:13.3111723Z,488ee04536240f27e086287788d3255e8171d0b1263d4529775dc41a856e943e,488ee04536240f27e086287788d3255e8171d0b1263d4529775dc41a856e943e,YES,YES,YES,OUTSIDE_REPO,INVENTORY_TOOLING,EXTERNAL_OR_EXCLUDED,EXTERNAL_REFERENCE_ONLY,Phase 02B exclusion retained; payloads stay on Drive,,,NO,N/A,NO,,,N/A_NOT_CHACHIPTI,source:C:\Users\steve\My Drive\The Gradient\00_PROJECT_CONTROL\CL_PHASE_00_DISK_INVENTORY_20260713\_run_inventory.log|sha256:488ee04536240f27e086287788d3255e8171d0b1263d4529775dc41a856e943e,EXCLUDED,EXCLUDED_NON_GOVERNANCE,MFR-0026,EXCLUDED,EXCLUDED
CAND-02G-0027,CL-MIG-001A,C:\Users\steve\My Drive\The Gradient\00_PROJECT_CONTROL\CL_PHASE_00_DISK_INVENTORY_20260713\_run_inventory.py,_run_inventory.py,39199,2026-07-13T14:52:18.1258315Z,c91d8f5312a9a58c36b034da5c0900d76369874d463b5efb610e7d576c5c3e12,c91d8f5312a9a58c36b034da5c0900d76369874d463b5efb610e7d576c5c3e12,YES,YES,YES,OUTSIDE_REPO,INVENTORY_TOOLING,EXTERNAL_OR_EXCLUDED,EXTERNAL_REFERENCE_ONLY,Phase 02B exclusion retained; payloads stay on Drive,,,NO,N/A,NO,,,N/A_NOT_CHACHIPTI,source:C:\Users\steve\My Drive\The Gradient\00_PROJECT_CONTROL\CL_PHASE_00_DISK_INVENTORY_20260713\_run_inventory.py|sha256:c91d8f5312a9a58c36b034da5c0900d76369874d463b5efb610e7d576c5c3e12,EXCLUDED,EXCLUDED_NON_GOVERNANCE,MFR-0027,EXCLUDED,EXCLUDED
CAND-02G-0028,CL-MIG-001A,C:\Users\steve\My Drive\The Gradient\00_PROJECT_CONTROL\CL_PHASE_00_DISK_INVENTORY_20260713\_summarize.py,_summarize.py,1151,2026-07-13T14:52:18.1268314Z,bb8c7ab3665e9abdb6db02a74fcee220e0408e0d4ee07adccd5c0b9afbf967de,bb8c7ab3665e9abdb6db02a74fcee220e0408e0d4ee07adccd5c0b9afbf967de,YES,YES,YES,OUTSIDE_REPO,INVENTORY_TOOLING,EXTERNAL_OR_EXCLUDED,EXTERNAL_REFERENCE_ONLY,Phase 02B exclusion retained; payloads stay on Drive,,,NO,N/A,NO,,,N/A_NOT_CHACHIPTI,source:C:\Users\steve\My Drive\The Gradient\00_PROJECT_CONTROL\CL_PHASE_00_DISK_INVENTORY_20260713\_summarize.py|sha256:bb8c7ab3665e9abdb6db02a74fcee220e0408e0d4ee07adccd5c0b9afbf967de,EXCLUDED,EXCLUDED_NON_GOVERNANCE,MFR-0028,EXCLUDED,EXCLUDED
CAND-02G-0029,CL-MIG-001A,C:\Users\steve\My Drive\The Gradient\00_PROJECT_CONTROL\CL_PHASE_00_DISK_INVENTORY_20260713\CL_PHASE_00_COLLECTION_CANDIDATES.json,CL_PHASE_00_COLLECTION_CANDIDATES.json,63205,2026-07-13T13:12:03.5017196Z,38dc8e523454f5f7329a88cbbcfab2b8c3ac90fc60286d5bf7a171520947cba5,38dc8e523454f5f7329a88cbbcfab2b8c3ac90fc60286d5bf7a171520947cba5,YES,YES,YES,OUTSIDE_REPO,EVIDENCE_REFERENCE_CANDIDATE,EXTERNAL_OR_EXCLUDED,EXTERNAL_REFERENCE_ONLY,Phase 02B exclusion retained; payloads stay on Drive,C:\Users\steve\Projects\gradient-institution\CRISIS_LITURGIES\00_PROJECT_CONTROL\04_EXTERNAL_REFERENCES,C:\Users\steve\Projects\gradient-institution\CRISIS_LITURGIES\00_PROJECT_CONTROL\04_EXTERNAL_REFERENCES\CL_PHASE_00_COLLECTION_CANDIDATES.xbin.json,NO,N/A,NO,,,N/A_NOT_CHACHIPTI,source:C:\Users\steve\My Drive\The Gradient\00_PROJECT_CONTROL\CL_PHASE_00_DISK_INVENTORY_20260713\CL_PHASE_00_COLLECTION_CANDIDATES.json|sha256:38dc8e523454f5f7329a88cbbcfab2b8c3ac90fc60286d5bf7a171520947cba5,EXCLUDED,EXCLUDED_LIFECYCLE,MFR-0029,EXCLUDED,EXCLUDED
CAND-02G-0030,CL-MIG-001A,C:\Users\steve\My Drive\The Gradient\00_PROJECT_CONTROL\CL_PHASE_00_DISK_INVENTORY_20260713\CL_PHASE_00_DISK_CONFLICTS.md,CL_PHASE_00_DISK_CONFLICTS.md,106774,2026-07-13T13:12:03.5952411Z,c98f39eaba8cc4e068f6495f80571f5df7fad4fbe2b3d2f6721f802c07f4c319,c98f39eaba8cc4e068f6495f80571f5df7fad4fbe2b3d2f6721f802c07f4c319,YES,YES,YES,OUTSIDE_REPO,EVIDENCE_REFERENCE_CANDIDATE,EXTERNAL_OR_EXCLUDED,EXTERNAL_REFERENCE_ONLY,Phase 02B exclusion retained; payloads stay on Drive,C:\Users\steve\Projects\gradient-institution\CRISIS_LITURGIES\00_PROJECT_CONTROL\04_EXTERNAL_REFERENCES,C:\Users\steve\Projects\gradient-institution\CRISIS_LITURGIES\00_PROJECT_CONTROL\04_EXTERNAL_REFERENCES\CL_PHASE_00_DISK_CONFLICTS.xbin.json,NO,N/A,NO,,,N/A_NOT_CHACHIPTI,source:C:\Users\steve\My Drive\The Gradient\00_PROJECT_CONTROL\CL_PHASE_00_DISK_INVENTORY_20260713\CL_PHASE_00_DISK_CONFLICTS.md|sha256:c98f39eaba8cc4e068f6495f80571f5df7fad4fbe2b3d2f6721f802c07f4c319,EXCLUDED,EXCLUDED_LIFECYCLE,MFR-0030,EXCLUDED,EXCLUDED
CAND-02G-0031,CL-MIG-001A,C:\Users\steve\My Drive\The Gradient\00_PROJECT_CONTROL\CL_PHASE_00_DISK_INVENTORY_20260713\CL_PHASE_00_DISK_INVENTORY_RECEIPT.md,CL_PHASE_00_DISK_INVENTORY_RECEIPT.md,2162,2026-07-13T13:12:03.5962400Z,5fdc8a809bf0a08f40e7223338f655d456c24b9b504cc009570707c1d5a45c5d,5fdc8a809bf0a08f40e7223338f655d456c24b9b504cc009570707c1d5a45c5d,YES,YES,YES,OUTSIDE_REPO,EVIDENCE_REFERENCE_CANDIDATE,EXTERNAL_OR_EXCLUDED,EXTERNAL_REFERENCE_ONLY,Phase 02B exclusion retained; payloads stay on Drive,C:\Users\steve\Projects\gradient-institution\CRISIS_LITURGIES\00_PROJECT_CONTROL\04_EXTERNAL_REFERENCES,C:\Users\steve\Projects\gradient-institution\CRISIS_LITURGIES\00_PROJECT_CONTROL\04_EXTERNAL_REFERENCES\CL_PHASE_00_DISK_INVENTORY_RECEIPT.xbin.json,NO,N/A,NO,,,N/A_NOT_CHACHIPTI,source:C:\Users\steve\My Drive\The Gradient\00_PROJECT_CONTROL\CL_PHASE_00_DISK_INVENTORY_20260713\CL_PHASE_00_DISK_INVENTORY_RECEIPT.md|sha256:5fdc8a809bf0a08f40e7223338f655d456c24b9b504cc009570707c1d5a45c5d,EXCLUDED,EXCLUDED_LIFECYCLE,MFR-0031,EXCLUDED,EXCLUDED
CAND-02G-0032,CL-MIG-001A,C:\Users\steve\My Drive\The Gradient\00_PROJECT_CONTROL\CL_PHASE_00_DISK_INVENTORY_20260713\CL_PHASE_00_DISK_ROOTS.json,CL_PHASE_00_DISK_ROOTS.json,1814,2026-07-13T13:10:12.7868037Z,61c7d9828ce741734575a5d3de12ae108e4302e56e564a3b3053c6cca3969002,61c7d9828ce741734575a5d3de12ae108e4302e56e564a3b3053c6cca3969002,YES,YES,YES,OUTSIDE_REPO,EVIDENCE_REFERENCE_CANDIDATE,EXTERNAL_OR_EXCLUDED,EXTERNAL_REFERENCE_ONLY,Phase 02B exclusion retained; payloads stay on Drive,C:\Users\steve\Projects\gradient-institution\CRISIS_LITURGIES\00_PROJECT_CONTROL\04_EXTERNAL_REFERENCES,C:\Users\steve\Projects\gradient-institution\CRISIS_LITURGIES\00_PROJECT_CONTROL\04_EXTERNAL_REFERENCES\CL_PHASE_00_DISK_ROOTS.xbin.json,NO,N/A,NO,,,N/A_NOT_CHACHIPTI,source:C:\Users\steve\My Drive\The Gradient\00_PROJECT_CONTROL\CL_PHASE_00_DISK_INVENTORY_20260713\CL_PHASE_00_DISK_ROOTS.json|sha256:61c7d9828ce741734575a5d3de12ae108e4302e56e564a3b3053c6cca3969002,EXCLUDED,EXCLUDED_LIFECYCLE,MFR-0032,EXCLUDED,EXCLUDED
CAND-02G-0033,CL-MIG-001A,C:\Users\steve\My Drive\The Gradient\00_PROJECT_CONTROL\CL_PHASE_00_DISK_INVENTORY_20260713\CL_PHASE_00_DUPLICATE_HASH_GROUPS.json,CL_PHASE_00_DUPLICATE_HASH_GROUPS.json,1056586,2026-07-13T13:10:12.7968028Z,aabb93fc9ecaf2308cc6ce36c73e6f622ea271ca1a6eb4f54f4ae242d7fac560,aabb93fc9ecaf2308cc6ce36c73e6f622ea271ca1a6eb4f54f4ae242d7fac560,YES,YES,YES,OUTSIDE_REPO,EVIDENCE_REFERENCE_CANDIDATE,EXTERNAL_OR_EXCLUDED,EXTERNAL_REFERENCE_ONLY,Phase 02B exclusion retained; payloads stay on Drive,C:\Users\steve\Projects\gradient-institution\CRISIS_LITURGIES\00_PROJECT_CONTROL\04_EXTERNAL_REFERENCES,C:\Users\steve\Projects\gradient-institution\CRISIS_LITURGIES\00_PROJECT_CONTROL\04_EXTERNAL_REFERENCES\CL_PHASE_00_DUPLICATE_HASH_GROUPS.xbin.json,NO,N/A,NO,,,N/A_NOT_CHACHIPTI,source:C:\Users\steve\My Drive\The Gradient\00_PROJECT_CONTROL\CL_PHASE_00_DISK_INVENTORY_20260713\CL_PHASE_00_DUPLICATE_HASH_GROUPS.json|sha256:aabb93fc9ecaf2308cc6ce36c73e6f622ea271ca1a6eb4f54f4ae242d7fac560,EXCLUDED,EXCLUDED_LIFECYCLE,MFR-0033,EXCLUDED,EXCLUDED
CAND-02G-0034,CL-MIG-001A,C:\Users\steve\My Drive\The Gradient\00_PROJECT_CONTROL\CL_PHASE_00_DISK_INVENTORY_20260713\CL_PHASE_00_FILE_INVENTORY.csv,CL_PHASE_00_FILE_INVENTORY.csv,2666813,2026-07-13T13:10:12.7858030Z,5489fd9e88343b99fbb0bf345752a8dca3829ea6e0518d0c67dd346ae26a7ea5,5489fd9e88343b99fbb0bf345752a8dca3829ea6e0518d0c67dd346ae26a7ea5,YES,YES,YES,OUTSIDE_REPO,EVIDENCE_REFERENCE_CANDIDATE,EXTERNAL_OR_EXCLUDED,EXTERNAL_REFERENCE_ONLY,Phase 02B exclusion retained; payloads stay on Drive,C:\Users\steve\Projects\gradient-institution\CRISIS_LITURGIES\00_PROJECT_CONTROL\04_EXTERNAL_REFERENCES,C:\Users\steve\Projects\gradient-institution\CRISIS_LITURGIES\00_PROJECT_CONTROL\04_EXTERNAL_REFERENCES\CL_PHASE_00_FILE_INVENTORY.xbin.json,NO,N/A,NO,,,N/A_NOT_CHACHIPTI,source:C:\Users\steve\My Drive\The Gradient\00_PROJECT_CONTROL\CL_PHASE_00_DISK_INVENTORY_20260713\CL_PHASE_00_FILE_INVENTORY.csv|sha256:5489fd9e88343b99fbb0bf345752a8dca3829ea6e0518d0c67dd346ae26a7ea5,EXCLUDED,EXCLUDED_LIFECYCLE,MFR-0034,EXCLUDED,EXCLUDED
CAND-02G-0035,CL-MIG-001A,C:\Users\steve\My Drive\The Gradient\00_PROJECT_CONTROL\CL_PHASE_00_DISK_INVENTORY_20260713\CL_PHASE_00_KNOWN_CHECKSUM_TESTS.json,CL_PHASE_00_KNOWN_CHECKSUM_TESTS.json,2033,2026-07-13T13:10:13.2786605Z,7bccb553881b2c04bda28b06ffdf922c05eb78f5f3ce8c70903875306af064c5,7bccb553881b2c04bda28b06ffdf922c05eb78f5f3ce8c70903875306af064c5,YES,YES,YES,OUTSIDE_REPO,EVIDENCE_REFERENCE_CANDIDATE,EXTERNAL_OR_EXCLUDED,EXTERNAL_REFERENCE_ONLY,Phase 02B exclusion retained; payloads stay on Drive,C:\Users\steve\Projects\gradient-institution\CRISIS_LITURGIES\00_PROJECT_CONTROL\04_EXTERNAL_REFERENCES,C:\Users\steve\Projects\gradient-institution\CRISIS_LITURGIES\00_PROJECT_CONTROL\04_EXTERNAL_REFERENCES\CL_PHASE_00_KNOWN_CHECKSUM_TESTS.xbin.json,NO,N/A,NO,,,N/A_NOT_CHACHIPTI,source:C:\Users\steve\My Drive\The Gradient\00_PROJECT_CONTROL\CL_PHASE_00_DISK_INVENTORY_20260713\CL_PHASE_00_KNOWN_CHECKSUM_TESTS.json|sha256:7bccb553881b2c04bda28b06ffdf922c05eb78f5f3ce8c70903875306af064c5,EXCLUDED,EXCLUDED_LIFECYCLE,MFR-0035,EXCLUDED,EXCLUDED
CAND-02G-0036,CL-MIG-001A,C:\Users\steve\My Drive\The Gradient\00_PROJECT_CONTROL\CL_PHASE_00_DISK_INVENTORY_20260713\CL_PHASE_00_PACKAGE_MANIFEST.json,CL_PHASE_00_PACKAGE_MANIFEST.json,3711,2026-07-13T13:47:55.5260099Z,f0e7e787ad3f724131d5690fde8dad326bd4cdb631d2d9555205c33d80af3eec,f0e7e787ad3f724131d5690fde8dad326bd4cdb631d2d9555205c33d80af3eec,YES,YES,YES,OUTSIDE_REPO,EVIDENCE_REFERENCE_CANDIDATE,EXTERNAL_OR_EXCLUDED,EXTERNAL_REFERENCE_ONLY,Phase 02B exclusion retained; payloads stay on Drive,C:\Users\steve\Projects\gradient-institution\CRISIS_LITURGIES\00_PROJECT_CONTROL\04_EXTERNAL_REFERENCES,C:\Users\steve\Projects\gradient-institution\CRISIS_LITURGIES\00_PROJECT_CONTROL\04_EXTERNAL_REFERENCES\CL_PHASE_00_PACKAGE_MANIFEST.xbin.json,NO,N/A,NO,,,N/A_NOT_CHACHIPTI,source:C:\Users\steve\My Drive\The Gradient\00_PROJECT_CONTROL\CL_PHASE_00_DISK_INVENTORY_20260713\CL_PHASE_00_PACKAGE_MANIFEST.json|sha256:f0e7e787ad3f724131d5690fde8dad326bd4cdb631d2d9555205c33d80af3eec,EXCLUDED,EXCLUDED_LIFECYCLE,MFR-0036,EXCLUDED,EXCLUDED
CAND-02G-0037,CL-MIG-001A,C:\Users\steve\My Drive\The Gradient\00_PROJECT_CONTROL\CL_PHASE_00_DISK_INVENTORY_20260713\CL_PHASE_00_POST_CORRECTION_RECEIPT.md,CL_PHASE_00_POST_CORRECTION_RECEIPT.md,2199,2026-07-13T13:47:55.5009887Z,e37cc6bc2c1f30fedff03c0fc9c45456f589c1077083cc4f84f44a2f919dab08,e37cc6bc2c1f30fedff03c0fc9c45456f589c1077083cc4f84f44a2f919dab08,YES,YES,YES,OUTSIDE_REPO,EVIDENCE_REFERENCE_CANDIDATE,EXTERNAL_OR_EXCLUDED,EXTERNAL_REFERENCE_ONLY,Phase 02B exclusion retained; payloads stay on Drive,C:\Users\steve\Projects\gradient-institution\CRISIS_LITURGIES\00_PROJECT_CONTROL\04_EXTERNAL_REFERENCES,C:\Users\steve\Projects\gradient-institution\CRISIS_LITURGIES\00_PROJECT_CONTROL\04_EXTERNAL_REFERENCES\CL_PHASE_00_POST_CORRECTION_RECEIPT.xbin.json,NO,N/A,NO,,,N/A_NOT_CHACHIPTI,source:C:\Users\steve\My Drive\The Gradient\00_PROJECT_CONTROL\CL_PHASE_00_DISK_INVENTORY_20260713\CL_PHASE_00_POST_CORRECTION_RECEIPT.md|sha256:e37cc6bc2c1f30fedff03c0fc9c45456f589c1077083cc4f84f44a2f919dab08,EXCLUDED,EXCLUDED_LIFECYCLE,MFR-0037,EXCLUDED,EXCLUDED
CAND-02G-0038,CL-MIG-001A,C:\Users\steve\My Drive\The Gradient\00_PROJECT_CONTROL\CL_PHASE_00_DISK_INVENTORY_20260713\SHA256SUMS.txt,SHA256SUMS.txt,818,2026-07-13T13:47:55.5184981Z,9d417e76e990e5596162aba39d86b7ed3ba208c5723995a46a9efd4dbe484003,9d417e76e990e5596162aba39d86b7ed3ba208c5723995a46a9efd4dbe484003,YES,YES,YES,OUTSIDE_REPO,EVIDENCE_REFERENCE_CANDIDATE,EXTERNAL_OR_EXCLUDED,EXTERNAL_REFERENCE_ONLY,Phase 02B exclusion retained; payloads stay on Drive,C:\Users\steve\Projects\gradient-institution\CRISIS_LITURGIES\00_PROJECT_CONTROL\04_EXTERNAL_REFERENCES,C:\Users\steve\Projects\gradient-institution\CRISIS_LITURGIES\00_PROJECT_CONTROL\04_EXTERNAL_REFERENCES\SHA256SUMS.xbin.json,NO,N/A,NO,,,N/A_NOT_CHACHIPTI,source:C:\Users\steve\My Drive\The Gradient\00_PROJECT_CONTROL\CL_PHASE_00_DISK_INVENTORY_20260713\SHA256SUMS.txt|sha256:9d417e76e990e5596162aba39d86b7ed3ba208c5723995a46a9efd4dbe484003,EXCLUDED,EXCLUDED_LIFECYCLE,MFR-0038,EXCLUDED,EXCLUDED
CAND-02G-0039,CL-MIG-001A,C:\Users\steve\Projects\gradient-institution\CRISIS_LITURGIES\00_CHACHIPTI_PRODUCTION_LANE\CL_CHACHIPTI_CORRECTIVE_LANE_PROTOCOL.md,CL_CHACHIPTI_CORRECTIVE_LANE_PROTOCOL.md,7948,2026-07-13T14:52:18.1093151Z,32102c2022839b1f0632a7277e29cbd3f9aa7fea730c315469c43e7e600d28f4,32102c2022839b1f0632a7277e29cbd3f9aa7fea730c315469c43e7e600d28f4,YES,YES,YES,?? CRISIS_LITURGIES/00_CHACHIPTI_PRODUCTION_LANE/CL_CHACHIPTI_CORRECTIVE_LANE_PROTOCOL.md,CHACHIPTI_PACKET_COMPONENT,PRECLASSIFICATION_OCCUPANCY,UNRESOLVED,Pending RAT-CL-008 Chachipti classification rule,C:\Users\steve\Projects\gradient-institution\CRISIS_LITURGIES\80_QUARANTINE\chachipti_pending_classification,C:\Users\steve\Projects\gradient-institution\CRISIS_LITURGIES\80_QUARANTINE\chachipti_pending_classification\CL_CHACHIPTI_CORRECTIVE_LANE_PROTOCOL.md,NO,N/A,NO,,,UNCLASSIFIED_QUEUED_RAT_CL_008,source:C:\Users\steve\Projects\gradient-institution\CRISIS_LITURGIES\00_CHACHIPTI_PRODUCTION_LANE\CL_CHACHIPTI_CORRECTIVE_LANE_PROTOCOL.md|sha256:32102c2022839b1f0632a7277e29cbd3f9aa7fea730c315469c43e7e600d28f4,BLOCKED_CLASSIFICATION,Nine Chachipti records remain unclassified and blocked (RAT-CL-008),MFR-0039,BLOCKED_CLASSIFICATION,EXCLUDED
CAND-02G-0040,CL-MIG-001A,C:\Users\steve\Projects\gradient-institution\CRISIS_LITURGIES\00_CHACHIPTI_PRODUCTION_LANE\CL_CHACHIPTI_ENGINE_CONTRACTS.md,CL_CHACHIPTI_ENGINE_CONTRACTS.md,1217,2026-07-13T14:52:18.0957889Z,6c73d5095b037cd7449eae2c511dc7462e7ed0131174d5ee159e7767579c8d2f,6c73d5095b037cd7449eae2c511dc7462e7ed0131174d5ee159e7767579c8d2f,YES,YES,YES,?? CRISIS_LITURGIES/00_CHACHIPTI_PRODUCTION_LANE/CL_CHACHIPTI_ENGINE_CONTRACTS.md,CHACHIPTI_PACKET_COMPONENT,PRECLASSIFICATION_OCCUPANCY,UNRESOLVED,Pending RAT-CL-008 Chachipti classification rule,C:\Users\steve\Projects\gradient-institution\CRISIS_LITURGIES\80_QUARANTINE\chachipti_pending_classification,C:\Users\steve\Projects\gradient-institution\CRISIS_LITURGIES\80_QUARANTINE\chachipti_pending_classification\CL_CHACHIPTI_ENGINE_CONTRACTS.md,NO,N/A,NO,,,UNCLASSIFIED_QUEUED_RAT_CL_008,source:C:\Users\steve\Projects\gradient-institution\CRISIS_LITURGIES\00_CHACHIPTI_PRODUCTION_LANE\CL_CHACHIPTI_ENGINE_CONTRACTS.md|sha256:6c73d5095b037cd7449eae2c511dc7462e7ed0131174d5ee159e7767579c8d2f,BLOCKED_CLASSIFICATION,Nine Chachipti records remain unclassified and blocked (RAT-CL-008),MFR-0040,BLOCKED_CLASSIFICATION,EXCLUDED
CAND-02G-0041,CL-MIG-001A,C:\Users\steve\Projects\gradient-institution\CRISIS_LITURGIES\00_CHACHIPTI_PRODUCTION_LANE\CL_CHACHIPTI_MASTER_HANDOFF.md,CL_CHACHIPTI_MASTER_HANDOFF.md,24101,2026-07-13T14:52:18.0937881Z,309db975d2cde41a881b6747769cbf430ec02f932d962a8d47f72555f5b395b8,309db975d2cde41a881b6747769cbf430ec02f932d962a8d47f72555f5b395b8,YES,YES,YES,?? CRISIS_LITURGIES/00_CHACHIPTI_PRODUCTION_LANE/CL_CHACHIPTI_MASTER_HANDOFF.md,CHACHIPTI_PACKET_COMPONENT,PRECLASSIFICATION_OCCUPANCY,UNRESOLVED,Pending RAT-CL-008 Chachipti classification rule,C:\Users\steve\Projects\gradient-institution\CRISIS_LITURGIES\80_QUARANTINE\chachipti_pending_classification,C:\Users\steve\Projects\gradient-institution\CRISIS_LITURGIES\80_QUARANTINE\chachipti_pending_classification\CL_CHACHIPTI_MASTER_HANDOFF.md,NO,N/A,NO,,,UNCLASSIFIED_QUEUED_RAT_CL_008,source:C:\Users\steve\Projects\gradient-institution\CRISIS_LITURGIES\00_CHACHIPTI_PRODUCTION_LANE\CL_CHACHIPTI_MASTER_HANDOFF.md|sha256:309db975d2cde41a881b6747769cbf430ec02f932d962a8d47f72555f5b395b8,BLOCKED_CLASSIFICATION,Nine Chachipti records remain unclassified and blocked (RAT-CL-008),MFR-0041,BLOCKED_CLASSIFICATION,EXCLUDED
CAND-02G-0042,CL-MIG-001A,C:\Users\steve\Projects\gradient-institution\CRISIS_LITURGIES\00_CHACHIPTI_PRODUCTION_LANE\CL_CURSOR_PACKET_EMIT_SPEC.md,CL_CURSOR_PACKET_EMIT_SPEC.md,5146,2026-07-13T14:52:18.1218225Z,b74d97e9073414e295405d0daff54ed5d31d39ae3d0fbcbc015194a12d7fa81a,b74d97e9073414e295405d0daff54ed5d31d39ae3d0fbcbc015194a12d7fa81a,YES,YES,YES,?? CRISIS_LITURGIES/00_CHACHIPTI_PRODUCTION_LANE/CL_CURSOR_PACKET_EMIT_SPEC.md,CHACHIPTI_PACKET_COMPONENT,PRECLASSIFICATION_OCCUPANCY,UNRESOLVED,Pending RAT-CL-008 Chachipti classification rule,C:\Users\steve\Projects\gradient-institution\CRISIS_LITURGIES\80_QUARANTINE\chachipti_pending_classification,C:\Users\steve\Projects\gradient-institution\CRISIS_LITURGIES\80_QUARANTINE\chachipti_pending_classification\CL_CURSOR_PACKET_EMIT_SPEC.md,NO,N/A,NO,,,UNCLASSIFIED_QUEUED_RAT_CL_008,source:C:\Users\steve\Projects\gradient-institution\CRISIS_LITURGIES\00_CHACHIPTI_PRODUCTION_LANE\CL_CURSOR_PACKET_EMIT_SPEC.md|sha256:b74d97e9073414e295405d0daff54ed5d31d39ae3d0fbcbc015194a12d7fa81a,BLOCKED_CLASSIFICATION,Nine Chachipti records remain unclassified and blocked (RAT-CL-008),MFR-0042,BLOCKED_CLASSIFICATION,EXCLUDED
CAND-02G-0043,CL-MIG-001A,C:\Users\steve\Projects\gradient-institution\CRISIS_LITURGIES\00_CHACHIPTI_PRODUCTION_LANE\CL_SERIES_STATUS_MAP.md,CL_SERIES_STATUS_MAP.md,7851,2026-07-13T14:52:18.0819025Z,afb29ffbbea39d09b28043fa477c78adffec13974082c502d0faf6e12211b8b3,afb29ffbbea39d09b28043fa477c78adffec13974082c502d0faf6e12211b8b3,YES,YES,YES,?? CRISIS_LITURGIES/00_CHACHIPTI_PRODUCTION_LANE/CL_SERIES_STATUS_MAP.md,CHACHIPTI_PACKET_COMPONENT,PRECLASSIFICATION_OCCUPANCY,UNRESOLVED,Pending RAT-CL-008 Chachipti classification rule,C:\Users\steve\Projects\gradient-institution\CRISIS_LITURGIES\80_QUARANTINE\chachipti_pending_classification,C:\Users\steve\Projects\gradient-institution\CRISIS_LITURGIES\80_QUARANTINE\chachipti_pending_classification\CL_SERIES_STATUS_MAP.md,NO,N/A,NO,,,UNCLASSIFIED_QUEUED_RAT_CL_008,source:C:\Users\steve\Projects\gradient-institution\CRISIS_LITURGIES\00_CHACHIPTI_PRODUCTION_LANE\CL_SERIES_STATUS_MAP.md|sha256:afb29ffbbea39d09b28043fa477c78adffec13974082c502d0faf6e12211b8b3,BLOCKED_CLASSIFICATION,Nine Chachipti records remain unclassified and blocked (RAT-CL-008),MFR-0043,BLOCKED_CLASSIFICATION,EXCLUDED
CAND-02G-0044,CL-MIG-001A,C:\Users\steve\Projects\gradient-institution\CRISIS_LITURGIES\00_CHACHIPTI_PRODUCTION_LANE\CORRECTIVE_INTAKES\README.md,README.md,120,2026-07-12T20:31:32.6213376Z,81482930b6692334c5e8a237ccf0b0080848adfae29bb35c0de237042a228392,81482930b6692334c5e8a237ccf0b0080848adfae29bb35c0de237042a228392,YES,YES,YES,?? CRISIS_LITURGIES/00_CHACHIPTI_PRODUCTION_LANE/CORRECTIVE_INTAKES/README.md,CHACHIPTI_PACKET_COMPONENT,PRECLASSIFICATION_OCCUPANCY,UNRESOLVED,Pending RAT-CL-008 Chachipti classification rule,C:\Users\steve\Projects\gradient-institution\CRISIS_LITURGIES\80_QUARANTINE\chachipti_pending_classification\CORRECTIVE_INTAKES,C:\Users\steve\Projects\gradient-institution\CRISIS_LITURGIES\80_QUARANTINE\chachipti_pending_classification\CORRECTIVE_INTAKES\README.md,NO,N/A,NO,,,UNCLASSIFIED_QUEUED_RAT_CL_008,source:C:\Users\steve\Projects\gradient-institution\CRISIS_LITURGIES\00_CHACHIPTI_PRODUCTION_LANE\CORRECTIVE_INTAKES\README.md|sha256:81482930b6692334c5e8a237ccf0b0080848adfae29bb35c0de237042a228392,BLOCKED_CLASSIFICATION,Nine Chachipti records remain unclassified and blocked (RAT-CL-008),MFR-0044,BLOCKED_CLASSIFICATION,EXCLUDED
CAND-02G-0045,CL-MIG-001A,C:\Users\steve\Projects\gradient-institution\CRISIS_LITURGIES\00_CHACHIPTI_PRODUCTION_LANE\CURSOR_PACKETS\README.md,README.md,125,2026-07-12T20:31:32.6223378Z,936a17a70900f866359df7384cf0587ddb0f80e111a153e871bb22bfd35c5e1a,936a17a70900f866359df7384cf0587ddb0f80e111a153e871bb22bfd35c5e1a,YES,YES,YES,?? CRISIS_LITURGIES/00_CHACHIPTI_PRODUCTION_LANE/CURSOR_PACKETS/README.md,CHACHIPTI_PACKET_COMPONENT,PRECLASSIFICATION_OCCUPANCY,UNRESOLVED,Pending RAT-CL-008 Chachipti classification rule,C:\Users\steve\Projects\gradient-institution\CRISIS_LITURGIES\80_QUARANTINE\chachipti_pending_classification\CURSOR_PACKETS,C:\Users\steve\Projects\gradient-institution\CRISIS_LITURGIES\80_QUARANTINE\chachipti_pending_classification\CURSOR_PACKETS\README.md,NO,N/A,NO,,,UNCLASSIFIED_QUEUED_RAT_CL_008,source:C:\Users\steve\Projects\gradient-institution\CRISIS_LITURGIES\00_CHACHIPTI_PRODUCTION_LANE\CURSOR_PACKETS\README.md|sha256:936a17a70900f866359df7384cf0587ddb0f80e111a153e871bb22bfd35c5e1a,BLOCKED_CLASSIFICATION,Nine Chachipti records remain unclassified and blocked (RAT-CL-008),MFR-0045,BLOCKED_CLASSIFICATION,EXCLUDED
CAND-02G-0046,CL-MIG-001A,C:\Users\steve\Projects\gradient-institution\CRISIS_LITURGIES\00_CHACHIPTI_PRODUCTION_LANE\QUICKSTART.md,QUICKSTART.md,1540,2026-07-13T14:52:18.1083147Z,a0f1ccabdf685bcfed4706873c8d61f25e734c7924b6fa449f1d53116e15d609,a0f1ccabdf685bcfed4706873c8d61f25e734c7924b6fa449f1d53116e15d609,YES,YES,YES,?? CRISIS_LITURGIES/00_CHACHIPTI_PRODUCTION_LANE/QUICKSTART.md,CHACHIPTI_PACKET_COMPONENT,PRECLASSIFICATION_OCCUPANCY,UNRESOLVED,Pending RAT-CL-008 Chachipti classification rule,C:\Users\steve\Projects\gradient-institution\CRISIS_LITURGIES\80_QUARANTINE\chachipti_pending_classification,C:\Users\steve\Projects\gradient-institution\CRISIS_LITURGIES\80_QUARANTINE\chachipti_pending_classification\QUICKSTART.md,NO,N/A,NO,,,UNCLASSIFIED_QUEUED_RAT_CL_008,source:C:\Users\steve\Projects\gradient-institution\CRISIS_LITURGIES\00_CHACHIPTI_PRODUCTION_LANE\QUICKSTART.md|sha256:a0f1ccabdf685bcfed4706873c8d61f25e734c7924b6fa449f1d53116e15d609,BLOCKED_CLASSIFICATION,Nine Chachipti records remain unclassified and blocked (RAT-CL-008),MFR-0046,BLOCKED_CLASSIFICATION,EXCLUDED
CAND-02G-0047,CL-MIG-001A,C:\Users\steve\Projects\gradient-institution\CRISIS_LITURGIES\00_CHACHIPTI_PRODUCTION_LANE\README.md,README.md,1864,2026-07-13T14:52:18.1218225Z,ac909aca133ae0afbc408cf0a741416d487e701a4c01d6852a12a4dbdb96bf32,ac909aca133ae0afbc408cf0a741416d487e701a4c01d6852a12a4dbdb96bf32,YES,YES,YES,?? CRISIS_LITURGIES/00_CHACHIPTI_PRODUCTION_LANE/README.md,CHACHIPTI_PACKET_COMPONENT,PRECLASSIFICATION_OCCUPANCY,UNRESOLVED,Pending RAT-CL-008 Chachipti classification rule,C:\Users\steve\Projects\gradient-institution\CRISIS_LITURGIES\80_QUARANTINE\chachipti_pending_classification,C:\Users\steve\Projects\gradient-institution\CRISIS_LITURGIES\80_QUARANTINE\chachipti_pending_classification\README.md,NO,N/A,NO,,,UNCLASSIFIED_QUEUED_RAT_CL_008,source:C:\Users\steve\Projects\gradient-institution\CRISIS_LITURGIES\00_CHACHIPTI_PRODUCTION_LANE\README.md|sha256:ac909aca133ae0afbc408cf0a741416d487e701a4c01d6852a12a4dbdb96bf32,BLOCKED_CLASSIFICATION,Nine Chachipti records remain unclassified and blocked (RAT-CL-008),MFR-0047,BLOCKED_CLASSIFICATION,EXCLUDED
CAND-02G-0048,CL-MIG-001B,C:\Users\steve\Projects\gradient-institution\CRISIS_LITURGIES\00_PROJECT_CONTROL\CL_PHASE_02_PLANNING\CL_MIGRATION_MANIFEST.schema.json,CL_MIGRATION_MANIFEST.schema.json,8919,2026-07-13T15:31:04.6884499Z,d596cdcfd8e4b63e30285b9420d1805399bbda5d0d6e1a0b86086e06b513b496,d596cdcfd8e4b63e30285b9420d1805399bbda5d0d6e1a0b86086e06b513b496,YES,YES,YES,?? CRISIS_LITURGIES/00_PROJECT_CONTROL/CL_PHASE_02_PLANNING/CL_MIGRATION_MANIFEST.schema.json,SCHEMA_SUPERSEDED,SUPERSEDED_BY_02C,REJECTED_FOR_MIGRATION,Superseded by CL_PHASE_02C_*_SCHEMA.json,,,NO,N/A,NO,,,N/A_NOT_CHACHIPTI,source:C:\Users\steve\Projects\gradient-institution\CRISIS_LITURGIES\00_PROJECT_CONTROL\CL_PHASE_02_PLANNING\CL_MIGRATION_MANIFEST.schema.json|sha256:d596cdcfd8e4b63e30285b9420d1805399bbda5d0d6e1a0b86086e06b513b496,EXCLUDED,Superseded Phase 02 schema excluded by revised map,MFR-0048,EXCLUDED,EXCLUDED
CAND-02G-0049,CL-MIG-001B,C:\Users\steve\Projects\gradient-institution\CRISIS_LITURGIES\00_PROJECT_CONTROL\CL_PHASE_02_PLANNING\CL_EXTERNAL_BINARY_REFERENCE.schema.json,CL_EXTERNAL_BINARY_REFERENCE.schema.json,3914,2026-07-13T15:31:04.6884499Z,de8ce977d82ba3f026881b6d9e16130c9388028f36bea6f55751a9b33265090f,de8ce977d82ba3f026881b6d9e16130c9388028f36bea6f55751a9b33265090f,YES,YES,YES,?? CRISIS_LITURGIES/00_PROJECT_CONTROL/CL_PHASE_02_PLANNING/CL_EXTERNAL_BINARY_REFERENCE.schema.json,SCHEMA_SUPERSEDED,SUPERSEDED_BY_02C,REJECTED_FOR_MIGRATION,Superseded by CL_PHASE_02C_*_SCHEMA.json,,,NO,N/A,NO,,,N/A_NOT_CHACHIPTI,source:C:\Users\steve\Projects\gradient-institution\CRISIS_LITURGIES\00_PROJECT_CONTROL\CL_PHASE_02_PLANNING\CL_EXTERNAL_BINARY_REFERENCE.schema.json|sha256:de8ce977d82ba3f026881b6d9e16130c9388028f36bea6f55751a9b33265090f,EXCLUDED,Superseded Phase 02 schema excluded by revised map,MFR-0049,EXCLUDED,EXCLUDED
CAND-02G-0050,CL-MIG-001A,,CL_PROGRAM_RELEASE_PROFILE_REGISTRY.md,,,,,N/A_NO_SOURCE,NO,NO,NO_SOURCE,AUTHOR_FROM_RATIFICATION,NOT_YET_AUTHORED,UNRESOLVED,Requires RAT-CL-007 then authored source with hash,C:\Users\steve\Projects\gradient-institution\CRISIS_LITURGIES\00_PROJECT_CONTROL\02_PROGRAM_REGISTRIES,C:\Users\steve\Projects\gradient-institution\CRISIS_LITURGIES\00_PROJECT_CONTROL\02_PROGRAM_REGISTRIES\CL_PROGRAM_RELEASE_PROFILE_REGISTRY.md,NO,N/A,NO,,,N/A_NOT_CHACHIPTI,NO_SOURCE_YET,BLOCKED_AUTHORITY,Five authority-deferred registry records remain blocked (RAT-CL-007),,BLOCKED_AUTHORITY,DEFERRED_REGISTRY_AUTHORITY
CAND-02G-0051,CL-MIG-001A,,CL_PROGRAM_ROOT_STATUS_RECORD.md,,,,,N/A_NO_SOURCE,NO,NO,NO_SOURCE,AUTHOR_FROM_RATIFICATION,NOT_YET_AUTHORED,UNRESOLVED,Requires RAT-CL-007 then authored source with hash,C:\Users\steve\Projects\gradient-institution\CRISIS_LITURGIES\00_PROJECT_CONTROL\02_PROGRAM_REGISTRIES,C:\Users\steve\Projects\gradient-institution\CRISIS_LITURGIES\00_PROJECT_CONTROL\02_PROGRAM_REGISTRIES\CL_PROGRAM_ROOT_STATUS_RECORD.md,NO,N/A,NO,,,N/A_NOT_CHACHIPTI,NO_SOURCE_YET,BLOCKED_AUTHORITY,Five authority-deferred registry records remain blocked (RAT-CL-007),,BLOCKED_AUTHORITY,DEFERRED_REGISTRY_AUTHORITY
CAND-02G-0052,CL-MIG-001A,,CL_PROGRAM_MIRROR_DUPLICATE_DOCTRINE.md,,,,,N/A_NO_SOURCE,NO,NO,NO_SOURCE,AUTHOR_FROM_RATIFICATION,NOT_YET_AUTHORED,UNRESOLVED,Requires RAT-CL-007 then authored source with hash,C:\Users\steve\Projects\gradient-institution\CRISIS_LITURGIES\00_PROJECT_CONTROL\02_PROGRAM_REGISTRIES,C:\Users\steve\Projects\gradient-institution\CRISIS_LITURGIES\00_PROJECT_CONTROL\02_PROGRAM_REGISTRIES\CL_PROGRAM_MIRROR_DUPLICATE_DOCTRINE.md,NO,N/A,NO,,,N/A_NOT_CHACHIPTI,NO_SOURCE_YET,BLOCKED_AUTHORITY,Five authority-deferred registry records remain blocked (RAT-CL-007),,BLOCKED_AUTHORITY,DEFERRED_REGISTRY_AUTHORITY
CAND-02G-0053,CL-MIG-001A,,CL_PROGRAM_COLLECTION_STATE_LANGUAGE.md,,,,,N/A_NO_SOURCE,NO,NO,NO_SOURCE,AUTHOR_FROM_RATIFICATION,NOT_YET_AUTHORED,UNRESOLVED,Requires RAT-CL-007 then authored source with hash,C:\Users\steve\Projects\gradient-institution\CRISIS_LITURGIES\00_PROJECT_CONTROL\02_PROGRAM_REGISTRIES,C:\Users\steve\Projects\gradient-institution\CRISIS_LITURGIES\00_PROJECT_CONTROL\02_PROGRAM_REGISTRIES\CL_PROGRAM_COLLECTION_STATE_LANGUAGE.md,NO,N/A,NO,,,N/A_NOT_CHACHIPTI,NO_SOURCE_YET,BLOCKED_AUTHORITY,Five authority-deferred registry records remain blocked (RAT-CL-007),,BLOCKED_AUTHORITY,DEFERRED_REGISTRY_AUTHORITY
CAND-02G-0054,CL-MIG-001A,,CL_PROGRAM_COLLECTION_STATE_MAP.json,,,,,N/A_NO_SOURCE,NO,NO,NO_SOURCE,AUTHOR_FROM_RATIFICATION,NOT_YET_AUTHORED,UNRESOLVED,Requires RAT-CL-007 then authored source with hash,C:\Users\steve\Projects\gradient-institution\CRISIS_LITURGIES\00_PROJECT_CONTROL\02_PROGRAM_REGISTRIES,C:\Users\steve\Projects\gradient-institution\CRISIS_LITURGIES\00_PROJECT_CONTROL\02_PROGRAM_REGISTRIES\CL_PROGRAM_COLLECTION_STATE_MAP.json,NO,N/A,NO,,,N/A_NOT_CHACHIPTI,NO_SOURCE_YET,BLOCKED_AUTHORITY,Five authority-deferred registry records remain blocked (RAT-CL-007),,BLOCKED_AUTHORITY,DEFERRED_REGISTRY_AUTHORITY
CAND-02G-0055,CL-MIG-001B,C:\Users\steve\Projects\gradient-institution\CRISIS_LITURGIES\00_PROJECT_CONTROL\CL_PHASE_02C_PLANNING_REPAIR\CL_PHASE_02C_MIGRATION_MANIFEST_SCHEMA.json,CL_PHASE_02C_MIGRATION_MANIFEST_SCHEMA.json,7746,2026-07-13T20:11:37.3426869Z,661ceb80321000c9c69313c66c2b1b64c07efbe3ba16fbe23900c82bf030dc3b,661ceb80321000c9c69313c66c2b1b64c07efbe3ba16fbe23900c82bf030dc3b,YES,YES,YES,?? CRISIS_LITURGIES/00_PROJECT_CONTROL/CL_PHASE_02C_PLANNING_REPAIR/CL_PHASE_02C_MIGRATION_MANIFEST_SCHEMA.json,SCHEMA,BUILDER_CONTRACT_CANDIDATE,PENDING_HUMAN_RATIFICATION,Phase 02C revised schema; requires RAT-CL-004 and RAT-CL-006,C:\Users\steve\Projects\gradient-institution\CRISIS_LITURGIES\00_PROJECT_CONTROL\05_BUILDER_CONTRACTS,C:\Users\steve\Projects\gradient-institution\CRISIS_LITURGIES\00_PROJECT_CONTROL\05_BUILDER_CONTRACTS\CL_PHASE_02C_MIGRATION_MANIFEST_SCHEMA.json,YES,YES,NO,,,N/A_NOT_CHACHIPTI,source:C:\Users\steve\Projects\gradient-institution\CRISIS_LITURGIES\00_PROJECT_CONTROL\CL_PHASE_02C_PLANNING_REPAIR\CL_PHASE_02C_MIGRATION_MANIFEST_SCHEMA.json|sha256:661ceb80321000c9c69313c66c2b1b64c07efbe3ba16fbe23900c82bf030dc3b,BLOCKED_AUTHORITY,Authority unresolved: RAT-CL-003/004 APPROVED FOR PLANNING ONLY; no per-file AUTHORIZE_COPY; mapping authority_state=PENDING_HUMAN_RATIFICATION,,BLOCKED_AUTHORITY,BUILDER_CONTRACTS
CAND-02G-0056,CL-MIG-001B,C:\Users\steve\Projects\gradient-institution\CRISIS_LITURGIES\00_PROJECT_CONTROL\CL_PHASE_02C_PLANNING_REPAIR\CL_PHASE_02C_EXTERNAL_BINARY_REFERENCE_SCHEMA.json,CL_PHASE_02C_EXTERNAL_BINARY_REFERENCE_SCHEMA.json,2690,2026-07-13T20:11:37.3426869Z,c4b4ddd98e3ee9f98d72f67270ba95db71bb751c14ff128105601beb5c04f491,c4b4ddd98e3ee9f98d72f67270ba95db71bb751c14ff128105601beb5c04f491,YES,YES,YES,?? CRISIS_LITURGIES/00_PROJECT_CONTROL/CL_PHASE_02C_PLANNING_REPAIR/CL_PHASE_02C_EXTERNAL_BINARY_REFERENCE_SCHEMA.json,SCHEMA,BUILDER_CONTRACT_CANDIDATE,PENDING_HUMAN_RATIFICATION,Phase 02C revised schema; requires RAT-CL-004 and RAT-CL-006,C:\Users\steve\Projects\gradient-institution\CRISIS_LITURGIES\00_PROJECT_CONTROL\05_BUILDER_CONTRACTS,C:\Users\steve\Projects\gradient-institution\CRISIS_LITURGIES\00_PROJECT_CONTROL\05_BUILDER_CONTRACTS\CL_PHASE_02C_EXTERNAL_BINARY_REFERENCE_SCHEMA.json,YES,YES,NO,,,N/A_NOT_CHACHIPTI,source:C:\Users\steve\Projects\gradient-institution\CRISIS_LITURGIES\00_PROJECT_CONTROL\CL_PHASE_02C_PLANNING_REPAIR\CL_PHASE_02C_EXTERNAL_BINARY_REFERENCE_SCHEMA.json|sha256:c4b4ddd98e3ee9f98d72f67270ba95db71bb751c14ff128105601beb5c04f491,BLOCKED_AUTHORITY,Authority unresolved: RAT-CL-003/004 APPROVED FOR PLANNING ONLY; no per-file AUTHORIZE_COPY; mapping authority_state=PENDING_HUMAN_RATIFICATION,,BLOCKED_AUTHORITY,BUILDER_CONTRACTS
