destination_artifact_id,authorization_id,batch_id,artifact_type,ratification_decision_id,source_absolute_path_if_copy,source_sha256_if_copy,generated_payload_reference_if_sidecar,generated_payload_sha256_if_sidecar,exact_destination_parent,exact_destination_path,destination_must_be_absent,creation_sequence,associated_artifact_id,post_creation_hash_required,source_preservation_required,rollback_reference,human_copy_authorization_required,execution_status
DEST-ART-001,AUTH-COPY-CL-MIG-001A,CL-MIG-001A,SOURCE_COPY,RAT-FILE-CL-001,C:\Users\steve\My Drive\The Gradient\CRISIS_LITURGIES\00_PROJECT_CONTROL_CL_OPS_001\CL_CONV_001_CHACHIPTI_PACKET_AUDIT_2026-07-12.md,cb3a680d903fe6bc0be6a23f640e2b67a3a2f0c700c847894f2db83cc91f4054,,,C:\Users\steve\Projects\gradient-institution\CRISIS_LITURGIES\00_PROJECT_CONTROL\01_PROGRAM_GOVERNANCE,C:\Users\steve\Projects\gradient-institution\CRISIS_LITURGIES\00_PROJECT_CONTROL\01_PROGRAM_GOVERNANCE\CL_CONV_001_CHACHIPTI_PACKET_AUDIT_2026-07-12.md,YES,1,,YES,YES,CL_PHASE_02J_ROLLBACK_BUNDLE,YES,NOT AUTHORIZED
DEST-ART-002,AUTH-COPY-CL-MIG-001A,CL-MIG-001A,SOURCE_COPY,RAT-FILE-CL-003,C:\Users\steve\My Drive\The Gradient\CRISIS_LITURGIES\00_PROJECT_CONTROL_CL_OPS_001\CL_PROD_ARCH_001A_RATIFICATION_AND_NAMED_PATCH_RECORD_2026-07-13.json,748e10eb7b5cd97ecd4a9e380435257ae35820f95ea1c9b4908b4ad05aa2cd1e,,,C:\Users\steve\Projects\gradient-institution\CRISIS_LITURGIES\00_PROJECT_CONTROL\01_PROGRAM_GOVERNANCE,C:\Users\steve\Projects\gradient-institution\CRISIS_LITURGIES\00_PROJECT_CONTROL\01_PROGRAM_GOVERNANCE\CL_PROD_ARCH_001A_RATIFICATION_AND_NAMED_PATCH_RECORD_2026-07-13.json,YES,2,DEST-ART-003,YES,YES,CL_PHASE_02J_ROLLBACK_BUNDLE,YES,NOT AUTHORIZED
DEST-ART-003,AUTH-COPY-CL-MIG-001A,CL-MIG-001A,ADMISSION_SIDECAR,RAT-FILE-CL-003,,,CL_PHASE_02J_ADMISSION_SIDECAR_PAYLOADS.jsonl#ADMIT-SC-001,1253df93af20f25893a48103f8451d9843767c9f84d90b021f9ab864614f1b9f,C:\Users\steve\Projects\gradient-institution\CRISIS_LITURGIES\00_PROJECT_CONTROL\01_PROGRAM_GOVERNANCE,C:\Users\steve\Projects\gradient-institution\CRISIS_LITURGIES\00_PROJECT_CONTROL\01_PROGRAM_GOVERNANCE\CL_PROD_ARCH_001A_RATIFICATION_AND_NAMED_PATCH_RECORD_2026-07-13.json.admission.json,YES,3,DEST-ART-002,YES,YES,CL_PHASE_02J_ROLLBACK_BUNDLE,YES,NOT AUTHORIZED
DEST-ART-004,AUTH-COPY-CL-MIG-001A,CL-MIG-001A,SOURCE_COPY,RAT-FILE-CL-004,C:\Users\steve\My Drive\The Gradient\CRISIS_LITURGIES\00_PROJECT_CONTROL_CL_OPS_001\CL_PROD_ARCH_001A_RATIFICATION_AND_NAMED_PATCH_RECORD_2026-07-13.md,275202a24950daea7ffc0a2a370448f424ace8e9e4b698b48447e13242073fd8,,,C:\Users\steve\Projects\gradient-institution\CRISIS_LITURGIES\00_PROJECT_CONTROL\01_PROGRAM_GOVERNANCE,C:\Users\steve\Projects\gradient-institution\CRISIS_LITURGIES\00_PROJECT_CONTROL\01_PROGRAM_GOVERNANCE\CL_PROD_ARCH_001A_RATIFICATION_AND_NAMED_PATCH_RECORD_2026-07-13.md,YES,4,DEST-ART-005,YES,YES,CL_PHASE_02J_ROLLBACK_BUNDLE,YES,NOT AUTHORIZED
DEST-ART-005,AUTH-COPY-CL-MIG-001A,CL-MIG-001A,ADMISSION_SIDECAR,RAT-FILE-CL-004,,,CL_PHASE_02J_ADMISSION_SIDECAR_PAYLOADS.jsonl#ADMIT-SC-002,846f728a1069e2d503bc64efc23e5d71bb7011c90c080d446e65629e8e2b739a,C:\Users\steve\Projects\gradient-institution\CRISIS_LITURGIES\00_PROJECT_CONTROL\01_PROGRAM_GOVERNANCE,C:\Users\steve\Projects\gradient-institution\CRISIS_LITURGIES\00_PROJECT_CONTROL\01_PROGRAM_GOVERNANCE\CL_PROD_ARCH_001A_RATIFICATION_AND_NAMED_PATCH_RECORD_2026-07-13.md.admission.json,YES,5,DEST-ART-004,YES,YES,CL_PHASE_02J_ROLLBACK_BUNDLE,YES,NOT AUTHORIZED
DEST-ART-006,AUTH-COPY-CL-MIG-001A,CL-MIG-001A,SOURCE_COPY,RAT-FILE-CL-005,C:\Users\steve\My Drive\The Gradient\CRISIS_LITURGIES\00_PROJECT_CONTROL_CL_OPS_001\CL_PHASE_00_CURSOR_READONLY_INVENTORY_PACKET_2026-07-13.md,98ebaec3f432ebf4d3cf34daf0e1fd8b40ac3bc6c0a29a9a3d8f377a9962dffe,,,C:\Users\steve\Projects\gradient-institution\CRISIS_LITURGIES\00_PROJECT_CONTROL\03_PHASE_EVIDENCE,C:\Users\steve\Projects\gradient-institution\CRISIS_LITURGIES\00_PROJECT_CONTROL\03_PHASE_EVIDENCE\CL_PHASE_00_CURSOR_READONLY_INVENTORY_PACKET_2026-07-13.md,YES,6,DEST-ART-007,YES,YES,CL_PHASE_02J_ROLLBACK_BUNDLE,YES,NOT AUTHORIZED
DEST-ART-007,AUTH-COPY-CL-MIG-001A,CL-MIG-001A,ADMISSION_SIDECAR,RAT-FILE-CL-005,,,CL_PHASE_02J_ADMISSION_SIDECAR_PAYLOADS.jsonl#ADMIT-SC-003,302870a20c5d02bf97000a953b035e407e71bf2fce21ceab5d4532844c3cfd17,C:\Users\steve\Projects\gradient-institution\CRISIS_LITURGIES\00_PROJECT_CONTROL\03_PHASE_EVIDENCE,C:\Users\steve\Projects\gradient-institution\CRISIS_LITURGIES\00_PROJECT_CONTROL\03_PHASE_EVIDENCE\CL_PHASE_00_CURSOR_READONLY_INVENTORY_PACKET_2026-07-13.md.admission.json,YES,7,DEST-ART-006,YES,YES,CL_PHASE_02J_ROLLBACK_BUNDLE,YES,NOT AUTHORIZED
DEST-ART-008,AUTH-COPY-CL-MIG-001A,CL-MIG-001A,SOURCE_COPY,RAT-FILE-CL-006,C:\Users\steve\My Drive\The Gradient\CRISIS_LITURGIES\00_PROJECT_CONTROL_CL_OPS_001\CL_PHASE_00_EVIDENCE_FREEZE_COMPLETION_REPORT_2026-07-13.md,66eef2386e14a8602738e7f9cc5f3cfd3c83cf50ba218ff043de7ea684e6967c,,,C:\Users\steve\Projects\gradient-institution\CRISIS_LITURGIES\00_PROJECT_CONTROL\03_PHASE_EVIDENCE,C:\Users\steve\Projects\gradient-institution\CRISIS_LITURGIES\00_PROJECT_CONTROL\03_PHASE_EVIDENCE\CL_PHASE_00_EVIDENCE_FREEZE_COMPLETION_REPORT_2026-07-13.md,YES,8,DEST-ART-009,YES,YES,CL_PHASE_02J_ROLLBACK_BUNDLE,YES,NOT AUTHORIZED
DEST-ART-009,AUTH-COPY-CL-MIG-001A,CL-MIG-001A,ADMISSION_SIDECAR,RAT-FILE-CL-006,,,CL_PHASE_02J_ADMISSION_SIDECAR_PAYLOADS.jsonl#ADMIT-SC-004,697bbf9cec80e598d571b2296690478f66c5315ed27d9ee0d8f87ff50b86b79a,C:\Users\steve\Projects\gradient-institution\CRISIS_LITURGIES\00_PROJECT_CONTROL\03_PHASE_EVIDENCE,C:\Users\steve\Projects\gradient-institution\CRISIS_LITURGIES\00_PROJECT_CONTROL\03_PHASE_EVIDENCE\CL_PHASE_00_EVIDENCE_FREEZE_COMPLETION_REPORT_2026-07-13.md.admission.json,YES,9,DEST-ART-008,YES,YES,CL_PHASE_02J_ROLLBACK_BUNDLE,YES,NOT AUTHORIZED
DEST-ART-010,AUTH-COPY-CL-MIG-001A,CL-MIG-001A,SOURCE_COPY,RAT-FILE-CL-007,C:\Users\steve\My Drive\The Gradient\CRISIS_LITURGIES\00_PROJECT_CONTROL_CL_OPS_001\CL_PHASE_00_MASTER_CONFLICT_LEDGER_2026-07-13.json,6017f61299c9aa11319ef25fa505098dec4e0729800917f04e73da9c29115609,,,C:\Users\steve\Projects\gradient-institution\CRISIS_LITURGIES\00_PROJECT_CONTROL\03_PHASE_EVIDENCE,C:\Users\steve\Projects\gradient-institution\CRISIS_LITURGIES\00_PROJECT_CONTROL\03_PHASE_EVIDENCE\CL_PHASE_00_MASTER_CONFLICT_LEDGER_2026-07-13.json,YES,10,DEST-ART-011,YES,YES,CL_PHASE_02J_ROLLBACK_BUNDLE,YES,NOT AUTHORIZED
DEST-ART-011,AUTH-COPY-CL-MIG-001A,CL-MIG-001A,ADMISSION_SIDECAR,RAT-FILE-CL-007,,,CL_PHASE_02J_ADMISSION_SIDECAR_PAYLOADS.jsonl#ADMIT-SC-005,76b50d2e8aa002bb1692cda21d33efe5a8997466eb7ab28ecfe0f478c5e32667,C:\Users\steve\Projects\gradient-institution\CRISIS_LITURGIES\00_PROJECT_CONTROL\03_PHASE_EVIDENCE,C:\Users\steve\Projects\gradient-institution\CRISIS_LITURGIES\00_PROJECT_CONTROL\03_PHASE_EVIDENCE\CL_PHASE_00_MASTER_CONFLICT_LEDGER_2026-07-13.json.admission.json,YES,11,DEST-ART-010,YES,YES,CL_PHASE_02J_ROLLBACK_BUNDLE,YES,NOT AUTHORIZED
DEST-ART-012,AUTH-COPY-CL-MIG-001A,CL-MIG-001A,SOURCE_COPY,RAT-FILE-CL-008,C:\Users\steve\My Drive\The Gradient\CRISIS_LITURGIES\00_PROJECT_CONTROL_CL_OPS_001\CL_PHASE_00_MASTER_CONFLICT_LEDGER_2026-07-13.md,af019314861256545b691307d9593f62f260e92c62c05c7b39c07cec18506228,,,C:\Users\steve\Projects\gradient-institution\CRISIS_LITURGIES\00_PROJECT_CONTROL\03_PHASE_EVIDENCE,C:\Users\steve\Projects\gradient-institution\CRISIS_LITURGIES\00_PROJECT_CONTROL\03_PHASE_EVIDENCE\CL_PHASE_00_MASTER_CONFLICT_LEDGER_2026-07-13.md,YES,12,DEST-ART-013,YES,YES,CL_PHASE_02J_ROLLBACK_BUNDLE,YES,NOT AUTHORIZED
DEST-ART-013,AUTH-COPY-CL-MIG-001A,CL-MIG-001A,ADMISSION_SIDECAR,RAT-FILE-CL-008,,,CL_PHASE_02J_ADMISSION_SIDECAR_PAYLOADS.jsonl#ADMIT-SC-006,fadf4bd20f53311f963a137bb421205f7c933943bb9e2178ecf526688b18dded,C:\Users\steve\Projects\gradient-institution\CRISIS_LITURGIES\00_PROJECT_CONTROL\03_PHASE_EVIDENCE,C:\Users\steve\Projects\gradient-institution\CRISIS_LITURGIES\00_PROJECT_CONTROL\03_PHASE_EVIDENCE\CL_PHASE_00_MASTER_CONFLICT_LEDGER_2026-07-13.md.admission.json,YES,13,DEST-ART-012,YES,YES,CL_PHASE_02J_ROLLBACK_BUNDLE,YES,NOT AUTHORIZED
DEST-ART-014,AUTH-COPY-CL-MIG-001A,CL-MIG-001A,SOURCE_COPY,RAT-FILE-CL-009,C:\Users\steve\My Drive\The Gradient\CRISIS_LITURGIES\00_PROJECT_CONTROL_CL_OPS_001\CL_PHASE_00_MASTER_EVIDENCE_REGISTER_2026-07-13.json,ef53e1a4342cec06abd78ca04de2ee911a42809c0054f38a1a6916bd7f983434,,,C:\Users\steve\Projects\gradient-institution\CRISIS_LITURGIES\00_PROJECT_CONTROL\03_PHASE_EVIDENCE,C:\Users\steve\Projects\gradient-institution\CRISIS_LITURGIES\00_PROJECT_CONTROL\03_PHASE_EVIDENCE\CL_PHASE_00_MASTER_EVIDENCE_REGISTER_2026-07-13.json,YES,14,DEST-ART-015,YES,YES,CL_PHASE_02J_ROLLBACK_BUNDLE,YES,NOT AUTHORIZED
DEST-ART-015,AUTH-COPY-CL-MIG-001A,CL-MIG-001A,ADMISSION_SIDECAR,RAT-FILE-CL-009,,,CL_PHASE_02J_ADMISSION_SIDECAR_PAYLOADS.jsonl#ADMIT-SC-007,a31372a6b23df0b4d8d8f42ae991cca4693270329a46bd9457eda43ed390f9f6,C:\Users\steve\Projects\gradient-institution\CRISIS_LITURGIES\00_PROJECT_CONTROL\03_PHASE_EVIDENCE,C:\Users\steve\Projects\gradient-institution\CRISIS_LITURGIES\00_PROJECT_CONTROL\03_PHASE_EVIDENCE\CL_PHASE_00_MASTER_EVIDENCE_REGISTER_2026-07-13.json.admission.json,YES,15,DEST-ART-014,YES,YES,CL_PHASE_02J_ROLLBACK_BUNDLE,YES,NOT AUTHORIZED
DEST-ART-016,AUTH-COPY-CL-MIG-001A,CL-MIG-001A,SOURCE_COPY,RAT-FILE-CL-010,C:\Users\steve\My Drive\The Gradient\CRISIS_LITURGIES\00_PROJECT_CONTROL_CL_OPS_001\CL_PHASE_00_MASTER_EVIDENCE_REGISTER_2026-07-13.md,e4caeaba165b32f76022b8194c68d3b3cc6c2d327376fe94db35044630a8ff29,,,C:\Users\steve\Projects\gradient-institution\CRISIS_LITURGIES\00_PROJECT_CONTROL\03_PHASE_EVIDENCE,C:\Users\steve\Projects\gradient-institution\CRISIS_LITURGIES\00_PROJECT_CONTROL\03_PHASE_EVIDENCE\CL_PHASE_00_MASTER_EVIDENCE_REGISTER_2026-07-13.md,YES,16,DEST-ART-017,YES,YES,CL_PHASE_02J_ROLLBACK_BUNDLE,YES,NOT AUTHORIZED
DEST-ART-017,AUTH-COPY-CL-MIG-001A,CL-MIG-001A,ADMISSION_SIDECAR,RAT-FILE-CL-010,,,CL_PHASE_02J_ADMISSION_SIDECAR_PAYLOADS.jsonl#ADMIT-SC-008,a74512c67be539af5b6588adc211b6491879ae1ed8d8ffd540aeeb8c6a382c93,C:\Users\steve\Projects\gradient-institution\CRISIS_LITURGIES\00_PROJECT_CONTROL\03_PHASE_EVIDENCE,C:\Users\steve\Projects\gradient-institution\CRISIS_LITURGIES\00_PROJECT_CONTROL\03_PHASE_EVIDENCE\CL_PHASE_00_MASTER_EVIDENCE_REGISTER_2026-07-13.md.admission.json,YES,17,DEST-ART-016,YES,YES,CL_PHASE_02J_ROLLBACK_BUNDLE,YES,NOT AUTHORIZED
DEST-ART-018,AUTH-COPY-CL-MIG-001A,CL-MIG-001A,SOURCE_COPY,RAT-FILE-CL-011,C:\Users\steve\My Drive\The Gradient\CRISIS_LITURGIES\00_PROJECT_CONTROL_CL_OPS_001\CL_PHASE_00_PACKAGE_MANIFEST_2026-07-13.json,012d6f93f20d8399079688dd8b4fdeeea246468bc750ea2fe97814f4deb178ed,,,C:\Users\steve\Projects\gradient-institution\CRISIS_LITURGIES\00_PROJECT_CONTROL\03_PHASE_EVIDENCE,C:\Users\steve\Projects\gradient-institution\CRISIS_LITURGIES\00_PROJECT_CONTROL\03_PHASE_EVIDENCE\CL_PHASE_00_PACKAGE_MANIFEST_2026-07-13.json,YES,18,DEST-ART-019,YES,YES,CL_PHASE_02J_ROLLBACK_BUNDLE,YES,NOT AUTHORIZED
DEST-ART-019,AUTH-COPY-CL-MIG-001A,CL-MIG-001A,ADMISSION_SIDECAR,RAT-FILE-CL-011,,,CL_PHASE_02J_ADMISSION_SIDECAR_PAYLOADS.jsonl#ADMIT-SC-009,222fe24774bb9747fb8b64b2d04e04c8566a6f8177e9e5d9e373efada26b29c3,C:\Users\steve\Projects\gradient-institution\CRISIS_LITURGIES\00_PROJECT_CONTROL\03_PHASE_EVIDENCE,C:\Users\steve\Projects\gradient-institution\CRISIS_LITURGIES\00_PROJECT_CONTROL\03_PHASE_EVIDENCE\CL_PHASE_00_PACKAGE_MANIFEST_2026-07-13.json.admission.json,YES,19,DEST-ART-018,YES,YES,CL_PHASE_02J_ROLLBACK_BUNDLE,YES,NOT AUTHORIZED
DEST-ART-020,AUTH-COPY-CL-MIG-001A,CL-MIG-001A,SOURCE_COPY,RAT-FILE-CL-012,C:\Users\steve\My Drive\The Gradient\CRISIS_LITURGIES\00_PROJECT_CONTROL_CL_OPS_001\CL_PHASE_00_QUARANTINE_REGISTER_2026-07-13.json,39723cf4cabfd16ccb106c4f4fd3ef106bce5a49760d91be7f1cef03de34cad1,,,C:\Users\steve\Projects\gradient-institution\CRISIS_LITURGIES\00_PROJECT_CONTROL\03_PHASE_EVIDENCE,C:\Users\steve\Projects\gradient-institution\CRISIS_LITURGIES\00_PROJECT_CONTROL\03_PHASE_EVIDENCE\CL_PHASE_00_QUARANTINE_REGISTER_2026-07-13.json,YES,20,DEST-ART-021,YES,YES,CL_PHASE_02J_ROLLBACK_BUNDLE,YES,NOT AUTHORIZED
DEST-ART-021,AUTH-COPY-CL-MIG-001A,CL-MIG-001A,ADMISSION_SIDECAR,RAT-FILE-CL-012,,,CL_PHASE_02J_ADMISSION_SIDECAR_PAYLOADS.jsonl#ADMIT-SC-010,272f95aeb6f802a72e6e960a0a40130d62da87f3f970e30c8da8a57d41b94413,C:\Users\steve\Projects\gradient-institution\CRISIS_LITURGIES\00_PROJECT_CONTROL\03_PHASE_EVIDENCE,C:\Users\steve\Projects\gradient-institution\CRISIS_LITURGIES\00_PROJECT_CONTROL\03_PHASE_EVIDENCE\CL_PHASE_00_QUARANTINE_REGISTER_2026-07-13.json.admission.json,YES,21,DEST-ART-020,YES,YES,CL_PHASE_02J_ROLLBACK_BUNDLE,YES,NOT AUTHORIZED
DEST-ART-022,AUTH-COPY-CL-MIG-001A,CL-MIG-001A,SOURCE_COPY,RAT-FILE-CL-013,C:\Users\steve\My Drive\The Gradient\CRISIS_LITURGIES\00_PROJECT_CONTROL_CL_OPS_001\CL_PHASE_00_QUARANTINE_REGISTER_2026-07-13.md,dad4f5dd49b9c685e903e4a7a516ab328e81501a4a29f334843dbc6c7348f87f,,,C:\Users\steve\Projects\gradient-institution\CRISIS_LITURGIES\00_PROJECT_CONTROL\03_PHASE_EVIDENCE,C:\Users\steve\Projects\gradient-institution\CRISIS_LITURGIES\00_PROJECT_CONTROL\03_PHASE_EVIDENCE\CL_PHASE_00_QUARANTINE_REGISTER_2026-07-13.md,YES,22,DEST-ART-023,YES,YES,CL_PHASE_02J_ROLLBACK_BUNDLE,YES,NOT AUTHORIZED
DEST-ART-023,AUTH-COPY-CL-MIG-001A,CL-MIG-001A,ADMISSION_SIDECAR,RAT-FILE-CL-013,,,CL_PHASE_02J_ADMISSION_SIDECAR_PAYLOADS.jsonl#ADMIT-SC-011,e31c97592a1b2ddd7ce1ad790cc8c4601b126bb3e5db7ff1ec5a40815c6dc427,C:\Users\steve\Projects\gradient-institution\CRISIS_LITURGIES\00_PROJECT_CONTROL\03_PHASE_EVIDENCE,C:\Users\steve\Projects\gradient-institution\CRISIS_LITURGIES\00_PROJECT_CONTROL\03_PHASE_EVIDENCE\CL_PHASE_00_QUARANTINE_REGISTER_2026-07-13.md.admission.json,YES,23,DEST-ART-022,YES,YES,CL_PHASE_02J_ROLLBACK_BUNDLE,YES,NOT AUTHORIZED
DEST-ART-024,AUTH-COPY-CL-MIG-001A,CL-MIG-001A,SOURCE_COPY,RAT-FILE-CL-014,C:\Users\steve\My Drive\The Gradient\CRISIS_LITURGIES\00_PROJECT_CONTROL_CL_OPS_001\CL_PHASE_00_SOURCE_ROOT_MAP_2026-07-13.json,45d67bd14c4684ba88e4913061b2ea353c6bbb79cd2a92113fee9cc85957cfea,,,C:\Users\steve\Projects\gradient-institution\CRISIS_LITURGIES\00_PROJECT_CONTROL\03_PHASE_EVIDENCE,C:\Users\steve\Projects\gradient-institution\CRISIS_LITURGIES\00_PROJECT_CONTROL\03_PHASE_EVIDENCE\CL_PHASE_00_SOURCE_ROOT_MAP_2026-07-13.json,YES,24,DEST-ART-025,YES,YES,CL_PHASE_02J_ROLLBACK_BUNDLE,YES,NOT AUTHORIZED
DEST-ART-025,AUTH-COPY-CL-MIG-001A,CL-MIG-001A,ADMISSION_SIDECAR,RAT-FILE-CL-014,,,CL_PHASE_02J_ADMISSION_SIDECAR_PAYLOADS.jsonl#ADMIT-SC-012,ba06d7edd108517df80791cedbb3771dcc4b7e28069470853d069902520a91d7,C:\Users\steve\Projects\gradient-institution\CRISIS_LITURGIES\00_PROJECT_CONTROL\03_PHASE_EVIDENCE,C:\Users\steve\Projects\gradient-institution\CRISIS_LITURGIES\00_PROJECT_CONTROL\03_PHASE_EVIDENCE\CL_PHASE_00_SOURCE_ROOT_MAP_2026-07-13.json.admission.json,YES,25,DEST-ART-024,YES,YES,CL_PHASE_02J_ROLLBACK_BUNDLE,YES,NOT AUTHORIZED
DEST-ART-026,AUTH-COPY-CL-MIG-001A,CL-MIG-001A,SOURCE_COPY,RAT-FILE-CL-015,C:\Users\steve\My Drive\The Gradient\CRISIS_LITURGIES\00_PROJECT_CONTROL_CL_OPS_001\CL_PHASE_00_SOURCE_ROOT_MAP_2026-07-13.md,a1551a3cd2a0c8003e9475917acb2a214592da04e85e1595262502d8d0c54a4f,,,C:\Users\steve\Projects\gradient-institution\CRISIS_LITURGIES\00_PROJECT_CONTROL\03_PHASE_EVIDENCE,C:\Users\steve\Projects\gradient-institution\CRISIS_LITURGIES\00_PROJECT_CONTROL\03_PHASE_EVIDENCE\CL_PHASE_00_SOURCE_ROOT_MAP_2026-07-13.md,YES,26,DEST-ART-027,YES,YES,CL_PHASE_02J_ROLLBACK_BUNDLE,YES,NOT AUTHORIZED
DEST-ART-027,AUTH-COPY-CL-MIG-001A,CL-MIG-001A,ADMISSION_SIDECAR,RAT-FILE-CL-015,,,CL_PHASE_02J_ADMISSION_SIDECAR_PAYLOADS.jsonl#ADMIT-SC-013,e2c06c74eb0b6c29cdbbd829d1bf66a12dd8e6bf6110db5517fecc21cabc1d54,C:\Users\steve\Projects\gradient-institution\CRISIS_LITURGIES\00_PROJECT_CONTROL\03_PHASE_EVIDENCE,C:\Users\steve\Projects\gradient-institution\CRISIS_LITURGIES\00_PROJECT_CONTROL\03_PHASE_EVIDENCE\CL_PHASE_00_SOURCE_ROOT_MAP_2026-07-13.md.admission.json,YES,27,DEST-ART-026,YES,YES,CL_PHASE_02J_ROLLBACK_BUNDLE,YES,NOT AUTHORIZED
DEST-ART-028,AUTH-COPY-CL-MIG-001A,CL-MIG-001A,SOURCE_COPY,RAT-FILE-CL-016,C:\Users\steve\My Drive\The Gradient\CRISIS_LITURGIES\00_PROJECT_CONTROL_CL_OPS_001\CL_PHASE_00B_CURSOR_DISK_INVENTORY_RECONCILIATION_2026-07-13.json,57dd0c4f4e3226d6f23d38a78de37ad7957bfb8a08137ebde2d15e8c9d414bec,,,C:\Users\steve\Projects\gradient-institution\CRISIS_LITURGIES\00_PROJECT_CONTROL\03_PHASE_EVIDENCE,C:\Users\steve\Projects\gradient-institution\CRISIS_LITURGIES\00_PROJECT_CONTROL\03_PHASE_EVIDENCE\CL_PHASE_00B_CURSOR_DISK_INVENTORY_RECONCILIATION_2026-07-13.json,YES,28,DEST-ART-029,YES,YES,CL_PHASE_02J_ROLLBACK_BUNDLE,YES,NOT AUTHORIZED
DEST-ART-029,AUTH-COPY-CL-MIG-001A,CL-MIG-001A,ADMISSION_SIDECAR,RAT-FILE-CL-016,,,CL_PHASE_02J_ADMISSION_SIDECAR_PAYLOADS.jsonl#ADMIT-SC-014,c8f336442093f03abf9ea9c48f4b3a1ec0dc4e95548f8b1afb76311ce441b3d9,C:\Users\steve\Projects\gradient-institution\CRISIS_LITURGIES\00_PROJECT_CONTROL\03_PHASE_EVIDENCE,C:\Users\steve\Projects\gradient-institution\CRISIS_LITURGIES\00_PROJECT_CONTROL\03_PHASE_EVIDENCE\CL_PHASE_00B_CURSOR_DISK_INVENTORY_RECONCILIATION_2026-07-13.json.admission.json,YES,29,DEST-ART-028,YES,YES,CL_PHASE_02J_ROLLBACK_BUNDLE,YES,NOT AUTHORIZED
DEST-ART-030,AUTH-COPY-CL-MIG-001A,CL-MIG-001A,SOURCE_COPY,RAT-FILE-CL-017,C:\Users\steve\My Drive\The Gradient\CRISIS_LITURGIES\00_PROJECT_CONTROL_CL_OPS_001\CL_PHASE_00B_CURSOR_DISK_INVENTORY_RECONCILIATION_2026-07-13.md,e824bfe6a7f8fc48644318a13f744ba5d2c1aa2e4da86426881c91a2522cef2b,,,C:\Users\steve\Projects\gradient-institution\CRISIS_LITURGIES\00_PROJECT_CONTROL\03_PHASE_EVIDENCE,C:\Users\steve\Projects\gradient-institution\CRISIS_LITURGIES\00_PROJECT_CONTROL\03_PHASE_EVIDENCE\CL_PHASE_00B_CURSOR_DISK_INVENTORY_RECONCILIATION_2026-07-13.md,YES,30,DEST-ART-031,YES,YES,CL_PHASE_02J_ROLLBACK_BUNDLE,YES,NOT AUTHORIZED
DEST-ART-031,AUTH-COPY-CL-MIG-001A,CL-MIG-001A,ADMISSION_SIDECAR,RAT-FILE-CL-017,,,CL_PHASE_02J_ADMISSION_SIDECAR_PAYLOADS.jsonl#ADMIT-SC-015,4799d92781882cddc8f3fb826b9a87a74b613aa00ff93ff7284ac3b65645a64b,C:\Users\steve\Projects\gradient-institution\CRISIS_LITURGIES\00_PROJECT_CONTROL\03_PHASE_EVIDENCE,C:\Users\steve\Projects\gradient-institution\CRISIS_LITURGIES\00_PROJECT_CONTROL\03_PHASE_EVIDENCE\CL_PHASE_00B_CURSOR_DISK_INVENTORY_RECONCILIATION_2026-07-13.md.admission.json,YES,31,DEST-ART-030,YES,YES,CL_PHASE_02J_ROLLBACK_BUNDLE,YES,NOT AUTHORIZED
DEST-ART-032,AUTH-COPY-CL-MIG-001A,CL-MIG-001A,SOURCE_COPY,RAT-FILE-CL-018,C:\Users\steve\My Drive\The Gradient\CRISIS_LITURGIES\00_PROJECT_CONTROL_CL_OPS_001\CL_PHASE_00B_STATUS_UPDATE_2026-07-13.md,f0d71382ec14ade9aeb8c350976389bbbd60cf37c3f2cca0bf75be3751f44ce1,,,C:\Users\steve\Projects\gradient-institution\CRISIS_LITURGIES\00_PROJECT_CONTROL\03_PHASE_EVIDENCE,C:\Users\steve\Projects\gradient-institution\CRISIS_LITURGIES\00_PROJECT_CONTROL\03_PHASE_EVIDENCE\CL_PHASE_00B_STATUS_UPDATE_2026-07-13.md,YES,32,DEST-ART-033,YES,YES,CL_PHASE_02J_ROLLBACK_BUNDLE,YES,NOT AUTHORIZED
DEST-ART-033,AUTH-COPY-CL-MIG-001A,CL-MIG-001A,ADMISSION_SIDECAR,RAT-FILE-CL-018,,,CL_PHASE_02J_ADMISSION_SIDECAR_PAYLOADS.jsonl#ADMIT-SC-016,9e47e5575dd7d5007d657119eb59777276fb7ba4fd3a922cc2dc7ed6fa5647cb,C:\Users\steve\Projects\gradient-institution\CRISIS_LITURGIES\00_PROJECT_CONTROL\03_PHASE_EVIDENCE,C:\Users\steve\Projects\gradient-institution\CRISIS_LITURGIES\00_PROJECT_CONTROL\03_PHASE_EVIDENCE\CL_PHASE_00B_STATUS_UPDATE_2026-07-13.md.admission.json,YES,33,DEST-ART-032,YES,YES,CL_PHASE_02J_ROLLBACK_BUNDLE,YES,NOT AUTHORIZED
DEST-ART-034,AUTH-COPY-CL-MIG-001A,CL-MIG-001A,SOURCE_COPY,RAT-FILE-CL-019,C:\Users\steve\My Drive\The Gradient\CRISIS_LITURGIES\00_PROJECT_CONTROL_CL_OPS_001\CL_PHASE_00C_PACKAGE_INTEGRITY_PATCH_PACKET_2026-07-13.md,fbe46d68e0893ac8bf98341cd532652ff77275508d1b30375438cabaec225cbc,,,C:\Users\steve\Projects\gradient-institution\CRISIS_LITURGIES\00_PROJECT_CONTROL\03_PHASE_EVIDENCE,C:\Users\steve\Projects\gradient-institution\CRISIS_LITURGIES\00_PROJECT_CONTROL\03_PHASE_EVIDENCE\CL_PHASE_00C_PACKAGE_INTEGRITY_PATCH_PACKET_2026-07-13.md,YES,34,DEST-ART-035,YES,YES,CL_PHASE_02J_ROLLBACK_BUNDLE,YES,NOT AUTHORIZED
DEST-ART-035,AUTH-COPY-CL-MIG-001A,CL-MIG-001A,ADMISSION_SIDECAR,RAT-FILE-CL-019,,,CL_PHASE_02J_ADMISSION_SIDECAR_PAYLOADS.jsonl#ADMIT-SC-017,e79208156a7253c087186b5aa5d51f70072818929923d874ec4fe7d1647a76a3,C:\Users\steve\Projects\gradient-institution\CRISIS_LITURGIES\00_PROJECT_CONTROL\03_PHASE_EVIDENCE,C:\Users\steve\Projects\gradient-institution\CRISIS_LITURGIES\00_PROJECT_CONTROL\03_PHASE_EVIDENCE\CL_PHASE_00C_PACKAGE_INTEGRITY_PATCH_PACKET_2026-07-13.md.admission.json,YES,35,DEST-ART-034,YES,YES,CL_PHASE_02J_ROLLBACK_BUNDLE,YES,NOT AUTHORIZED
DEST-ART-036,AUTH-COPY-CL-MIG-001B,CL-MIG-001B,SOURCE_COPY,RAT-FILE-CL-020,C:\Users\steve\Projects\gradient-institution\CRISIS_LITURGIES\00_PROJECT_CONTROL\CL_PHASE_02C_PLANNING_REPAIR\CL_PHASE_02C_MIGRATION_MANIFEST_SCHEMA.json,661ceb80321000c9c69313c66c2b1b64c07efbe3ba16fbe23900c82bf030dc3b,,,C:\Users\steve\Projects\gradient-institution\CRISIS_LITURGIES\00_PROJECT_CONTROL\05_BUILDER_CONTRACTS,C:\Users\steve\Projects\gradient-institution\CRISIS_LITURGIES\00_PROJECT_CONTROL\05_BUILDER_CONTRACTS\CL_PHASE_02C_MIGRATION_MANIFEST_SCHEMA.json,YES,36,,YES,YES,CL_PHASE_02J_ROLLBACK_BUNDLE,YES,NOT AUTHORIZED
DEST-ART-037,AUTH-COPY-CL-MIG-001B,CL-MIG-001B,SOURCE_COPY,RAT-FILE-CL-021,C:\Users\steve\Projects\gradient-institution\CRISIS_LITURGIES\00_PROJECT_CONTROL\CL_PHASE_02C_PLANNING_REPAIR\CL_PHASE_02C_EXTERNAL_BINARY_REFERENCE_SCHEMA.json,c4b4ddd98e3ee9f98d72f67270ba95db71bb751c14ff128105601beb5c04f491,,,C:\Users\steve\Projects\gradient-institution\CRISIS_LITURGIES\00_PROJECT_CONTROL\05_BUILDER_CONTRACTS,C:\Users\steve\Projects\gradient-institution\CRISIS_LITURGIES\00_PROJECT_CONTROL\05_BUILDER_CONTRACTS\CL_PHASE_02C_EXTERNAL_BINARY_REFERENCE_SCHEMA.json,YES,37,,YES,YES,CL_PHASE_02J_ROLLBACK_BUNDLE,YES,NOT AUTHORIZED
